gp_practice_code,num
A81001,8
A81002,42
A81004,23
A81005,29
A81006,24
A81007,18
A81009,14
A81011,10
A81012,5
A81013,16
A81014,8
A81015,1
A81016,17
A81017,28
A81018,19
A81019,17
A81020,22
A81021,29
A81022,18
A81023,9
A81025,12
A81026,22
A81027,44
A81029,4
A81030,40
A81031,27
A81032,33
A81034,37
A81035,27
A81036,38
A81037,13
A81038,4
A81039,23
A81040,20
A81041,28
A81042,23
A81043,17
A81044,26
A81045,10
A81046,25
A81048,20
A81049,6
A81051,15
A81052,13
A81053,12
A81054,22
A81056,3
A81057,18
A81058,11
A81060,14
A81063,12
A81064,8
A81066,10
A81067,13
A81070,10
A81602,3
A81605,1
A81608,4
A81610,14
A81611,9
A81612,5
A81618,31
A81621,4
A81622,8
A81629,8
A81631,11
A81634,1
A82003,22
A82004,6
A82005,19
A82006,19
A82007,12
A82008,21
A82009,22
A82010,18
A82012,56
A82013,23
A82014,10
A82015,10
A82016,66
A82017,1
A82018,27
A82019,13
A82020,27
A82021,47
A82022,14
A82023,17
A82024,20
A82025,18
A82026,39
A82027,36
A82028,29
A82029,9
A82030,22
A82031,15
A82032,31
A82033,15
A82034,12
A82035,45
A82036,28
A82037,16
A82038,20
A82039,13
A82041,27
A82044,66
A82045,19
A82046,9
A82047,47
A82048,18
A82049,16
A82050,14
A82053,25
A82055,18
A82057,1
A82058,10
A82060,3
A82062,16
A82064,14
A82065,3
A82068,10
A82070,17
A82071,14
A82072,13
A82075,20
A82077,8
A82608,12
A82617,13
A82620,4
A82621,1
A82623,5
A82629,5
A82631,11
A82646,6
A82647,11
A82650,13
A82651,16
A82654,18
A83001,27
A83003,25
A83004,5
A83005,33
A83006,13
A83007,14
A83008,7
A83009,28
A83010,32
A83011,48
A83012,45
A83013,23
A83014,20
A83015,30
A83016,23
A83017,6
A83018,49
A83019,3
A83020,35
A83021,34
A83022,67
A83023,22
A83024,23
A83025,31
A83026,32
A83027,20
A83028,34
A83029,21
A83030,34
A83031,23
A83032,6
A83033,17
A83034,22
A83035,37
A83036,42
A83037,31
A83038,9
A83040,23
A83041,24
A83042,4
A83043,10
A83044,18
A83045,37
A83046,37
A83047,40
A83048,22
A83049,34
A83050,58
A83051,37
A83052,21
A83054,33
A83055,14
A83057,25
A83060,10
A83061,2
A83066,17
A83070,22
A83071,9
A83072,13
A83073,7
A83074,29
A83075,15
A83603,6
A83610,3
A83616,13
A83617,8
A83618,13
A83619,6
A83622,4
A83626,4
A83627,17
A83630,3
A83632,5
A83634,7
A83635,5
A83636,10
A83637,8
A83641,5
A83644,14
A84002,30
A84003,16
A84005,48
A84006,70
A84007,51
A84008,18
A84009,48
A84011,22
A84013,15
A84014,22
A84015,4
A84016,20
A84018,37
A84020,19
A84022,34
A84024,39
A84025,6
A84026,16
A84027,14
A84028,46
A84029,9
A84030,32
A84031,42
A84032,12
A84033,19
A84034,25
A84035,26
A84036,74
A84037,9
A84038,15
A84039,22
A84040,20
A84042,6
A84043,17
A84044,21
A84045,25
A84047,17
A84604,7
A84609,6
A84614,7
A84619,7
A85001,19
A85002,4
A85003,25
A85004,24
A85005,25
A85006,21
A85007,17
A85008,31
A85009,14
A85010,26
A85011,14
A85012,8
A85013,11
A85014,26
A85016,18
A85017,7
A85018,15
A85019,19
A85020,51
A85021,2
A85023,6
A85024,9
A85026,4
A85609,2
A85611,6
A85614,11
A85616,15
A85617,12
A85620,9
A86003,31
A86004,15
A86005,9
A86006,15
A86007,4
A86008,26
A86010,18
A86011,15
A86012,13
A86013,10
A86015,4
A86016,15
A86017,14
A86018,43
A86020,24
A86021,21
A86022,31
A86023,21
A86024,11
A86025,37
A86026,13
A86027,1
A86028,7
A86029,30
A86030,18
A86031,16
A86033,9
A86035,6
A86036,14
A86037,9
A86038,17
A86040,10
A86041,14
A86601,22
A87002,20
A87003,25
A87004,56
A87005,32
A87006,18
A87007,25
A87008,20
A87009,41
A87011,24
A87012,28
A87013,18
A87015,8
A87016,22
A87017,18
A87019,6
A87020,29
A87022,9
A87023,6
A87027,7
A87029,9
A87030,7
A87600,14
A87612,18
A87615,18
A88001,2
A88002,38
A88003,37
A88004,26
A88005,13
A88006,24
A88007,17
A88008,21
A88009,19
A88010,7
A88012,20
A88013,58
A88014,4
A88015,13
A88016,35
A88022,19
A88023,13
A88025,20
A88601,9
A88608,14
A88613,8
A89001,36
A89002,8
A89004,22
A89005,19
A89006,16
A89007,25
A89008,13
A89009,19
A89010,37
A89011,10
A89012,36
A89013,10
A89015,37
A89016,26
A89017,39
A89018,9
A89019,49
A89020,24
A89021,18
A89022,9
A89023,18
A89024,19
A89025,23
A89026,19
A89027,13
A89028,29
A89030,21
A89031,11
A89032,32
A89034,4
A89035,26
A89036,6
A89040,17
A89041,11
A89603,3
A89604,6
A89614,14
A89616,9
A89617,15
A89623,7
A91021,1
A91023,1
A91024,2
A91025,1
A91026,1
A91028,1
A91029,1
A91030,2
A91036,1
A91037,1
A91041,1
A91042,2
A91048,1
A91049,4
A91068,1
A91070,1
A91071,1
A91077,1
A91078,1
A91079,2
A91080,1
A91084,1
A91087,2
A91089,1
A91092,2
A91104,1
A91108,1
A91113,1
A91120,4
A91122,2
A91131,1
A91132,1
A91133,1
A91136,1
A91139,3
A91194,1
A91200,1
A91201,1
A91203,1
A91206,1
A91216,1
B81002,9
B81003,34
B81004,40
B81005,37
B81006,28
B81007,29
B81008,82
B81009,24
B81010,28
B81011,13
B81012,6
B81013,11
B81014,17
B81015,28
B81016,14
B81017,23
B81018,15
B81020,21
B81021,8
B81022,35
B81023,14
B81024,23
B81025,92
B81026,41
B81027,10
B81029,19
B81030,41
B81031,32
B81032,7
B81034,41
B81035,20
B81036,38
B81037,50
B81038,22
B81039,65
B81040,21
B81041,20
B81042,45
B81043,33
B81045,16
B81046,19
B81047,25
B81048,105
B81049,5
B81050,15
B81051,41
B81052,14
B81053,7
B81054,26
B81055,12
B81056,13
B81058,11
B81060,20
B81061,89
B81062,13
B81063,12
B81064,15
B81065,26
B81066,1
B81068,32
B81069,26
B81070,20
B81074,10
B81075,15
B81077,20
B81080,2
B81082,22
B81085,16
B81087,23
B81088,20
B81090,6
B81091,8
B81092,39
B81095,21
B81097,5
B81099,19
B81100,18
B81101,82
B81104,3
B81108,8
B81109,36
B81112,15
B81113,10
B81118,11
B81119,10
B81602,1
B81603,1
B81606,7
B81616,5
B81617,7
B81619,11
B81620,2
B81628,9
B81631,10
B81635,13
B81642,6
B81645,9
B81647,8
B81648,8
B81653,24
B81655,10
B81656,7
B81658,10
B81663,4
B81664,3
B81665,9
B81666,8
B81675,22
B81677,9
B81688,3
B81697,4
B82001,2
B82002,15
B82004,36
B82005,94
B82007,76
B82008,36
B82010,38
B82011,14
B82012,42
B82013,58
B82014,12
B82016,23
B82017,34
B82018,12
B82019,4
B82020,63
B82021,23
B82022,11
B82023,15
B82024,17
B82025,51
B82026,97
B82027,38
B82028,65
B82029,9
B82030,14
B82031,20
B82032,39
B82033,36
B82034,18
B82035,5
B82036,35
B82037,31
B82038,63
B82041,29
B82042,18
B82044,27
B82045,17
B82046,10
B82047,9
B82049,9
B82050,58
B82053,94
B82054,52
B82057,19
B82059,43
B82060,53
B82061,32
B82062,8
B82063,27
B82064,11
B82066,27
B82067,23
B82068,7
B82069,22
B82071,28
B82072,17
B82073,30
B82074,26
B82075,15
B82077,15
B82078,20
B82079,9
B82080,41
B82081,24
B82083,64
B82086,7
B82088,15
B82091,25
B82097,21
B82098,43
B82100,18
B82101,20
B82103,1
B82104,8
B82105,14
B82106,20
B82609,9
B82611,1
B82619,7
B82622,6
B82628,7
B83002,40
B83005,12
B83006,53
B83007,7
B83008,54
B83009,37
B83010,30
B83011,9
B83012,27
B83013,10
B83014,78
B83015,17
B83016,12
B83017,19
B83018,41
B83019,38
B83020,24
B83021,33
B83022,41
B83023,36
B83025,8
B83026,4
B83027,45
B83028,53
B83029,31
B83030,24
B83031,22
B83032,5
B83033,126
B83034,13
B83035,21
B83037,80
B83038,43
B83039,75
B83040,22
B83041,30
B83042,21
B83043,2
B83045,36
B83049,6
B83050,3
B83051,1
B83052,17
B83054,12
B83055,40
B83056,22
B83058,11
B83061,12
B83062,11
B83063,34
B83064,26
B83067,42
B83071,1
B83602,5
B83604,2
B83611,11
B83614,11
B83617,2
B83620,21
B83621,5
B83622,5
B83624,124
B83626,7
B83627,3
B83628,7
B83629,7
B83638,4
B83641,7
B83642,6
B83653,13
B83657,2
B83659,4
B83660,9
B83661,6
B84001,39
B84002,4
B84003,27
B84004,86
B84005,36
B84006,42
B84007,42
B84008,51
B84009,38
B84010,35
B84011,45
B84012,16
B84013,34
B84014,29
B84016,30
B84017,2
B84019,34
B84021,22
B84612,15
B84613,16
B84615,3
B84618,17
B84623,11
B85001,21
B85002,8
B85004,16
B85005,22
B85006,53
B85008,16
B85009,16
B85010,18
B85011,1
B85012,25
B85014,25
B85015,22
B85016,17
B85018,22
B85019,70
B85020,10
B85021,28
B85022,35
B85023,21
B85024,31
B85025,42
B85026,35
B85027,44
B85028,39
B85030,19
B85031,29
B85032,27
B85033,17
B85036,24
B85037,19
B85038,17
B85041,15
B85042,20
B85044,1
B85048,5
B85051,28
B85054,29
B85055,13
B85058,6
B85059,16
B85060,5
B85061,19
B85062,2
B85606,4
B85610,39
B85611,5
B85612,7
B85614,7
B85619,8
B85620,4
B85622,7
B85623,8
B85634,4
B85636,23
B85638,9
B85640,9
B85641,15
B85646,15
B85652,10
B85655,6
B85659,1
B85660,12
B86001,5
B86002,13
B86003,14
B86004,21
B86005,11
B86006,33
B86007,11
B86008,46
B86009,19
B86010,21
B86011,13
B86012,11
B86013,24
B86014,20
B86015,23
B86016,15
B86017,9
B86018,12
B86019,8
B86020,26
B86022,26
B86023,8
B86024,9
B86025,8
B86028,11
B86029,20
B86030,23
B86031,1
B86032,55
B86033,49
B86034,20
B86035,12
B86036,39
B86038,22
B86039,18
B86041,11
B86042,15
B86043,12
B86044,47
B86047,2
B86048,21
B86049,11
B86050,39
B86051,30
B86052,44
B86054,13
B86055,14
B86056,5
B86057,21
B86058,11
B86059,25
B86060,12
B86061,2
B86062,25
B86064,37
B86066,25
B86067,28
B86068,15
B86069,8
B86070,16
B86071,10
B86074,4
B86075,18
B86077,1
B86081,14
B86086,11
B86089,16
B86092,15
B86093,12
B86094,8
B86095,1
B86096,11
B86100,12
B86101,8
B86103,1
B86104,10
B86106,1
B86108,6
B86109,6
B86623,1
B86625,13
B86633,3
B86642,3
B86643,5
B86648,5
B86654,11
B86655,3
B86658,13
B86666,6
B86667,7
B86669,1
B86672,10
B86673,14
B86675,7
B86678,12
B87001,27
B87002,34
B87003,31
B87004,23
B87005,28
B87006,26
B87007,31
B87008,38
B87009,20
B87011,35
B87012,22
B87013,56
B87015,29
B87016,72
B87017,43
B87018,27
B87019,25
B87020,45
B87021,40
B87022,9
B87025,22
B87026,37
B87027,33
B87028,35
B87030,74
B87031,62
B87032,16
B87033,13
B87036,15
B87039,39
B87040,14
B87041,7
B87042,9
B87044,9
B87600,7
B87602,10
B87604,3
B87616,1
C81001,18
C81002,20
C81003,31
C81004,46
C81005,48
C81006,20
C81007,28
C81008,22
C81009,24
C81010,30
C81012,37
C81013,15
C81014,30
C81015,19
C81016,22
C81017,27
C81018,30
C81019,3
C81020,22
C81021,44
C81022,7
C81023,28
C81025,32
C81026,20
C81027,18
C81028,22
C81029,47
C81030,20
C81031,31
C81032,27
C81033,19
C81034,25
C81035,23
C81036,13
C81037,28
C81038,40
C81039,12
C81040,26
C81041,25
C81042,35
C81044,11
C81045,27
C81046,16
C81047,44
C81048,41
C81049,23
C81050,21
C81051,64
C81052,18
C81053,20
C81054,43
C81055,12
C81056,20
C81057,33
C81058,11
C81059,20
C81060,18
C81061,24
C81062,24
C81063,18
C81064,37
C81065,21
C81066,33
C81067,33
C81068,32
C81069,34
C81070,12
C81071,22
C81072,36
C81073,36
C81074,12
C81075,22
C81076,7
C81077,9
C81080,28
C81081,28
C81082,7
C81083,29
C81084,40
C81086,29
C81087,16
C81089,20
C81090,6
C81091,17
C81092,28
C81094,19
C81095,7
C81096,10
C81097,21
C81099,21
C81101,25
C81104,5
C81106,14
C81108,43
C81110,24
C81113,21
C81114,16
C81115,8
C81118,8
C81604,7
C81611,6
C81615,5
C81616,11
C81634,8
C81638,6
C81640,3
C81642,12
C81647,14
C81648,10
C81649,10
C81652,6
C81653,4
C81655,4
C81658,13
C81660,9
C81661,6
C81662,11
C82001,49
C82002,23
C82003,21
C82005,10
C82007,33
C82008,9
C82009,41
C82010,32
C82011,13
C82012,25
C82013,16
C82014,32
C82016,13
C82017,31
C82018,28
C82019,4
C82020,6
C82021,9
C82022,17
C82024,16
C82025,39
C82026,13
C82027,14
C82028,17
C82029,24
C82030,10
C82031,11
C82032,3
C82033,11
C82034,13
C82035,10
C82036,9
C82037,16
C82038,52
C82039,13
C82040,19
C82041,25
C82042,23
C82043,25
C82044,19
C82045,11
C82046,11
C82047,19
C82048,7
C82050,16
C82051,26
C82052,7
C82053,9
C82054,23
C82055,21
C82056,33
C82059,1
C82060,3
C82061,18
C82062,18
C82063,14
C82064,22
C82066,35
C82067,15
C82068,17
C82070,9
C82071,18
C82072,11
C82073,8
C82075,20
C82076,32
C82077,30
C82078,24
C82079,14
C82080,4
C82082,16
C82084,3
C82086,7
C82088,11
C82091,10
C82092,7
C82093,25
C82094,5
C82095,16
C82096,21
C82097,2
C82098,2
C82099,5
C82100,4
C82102,5
C82103,6
C82107,12
C82109,14
C82111,3
C82112,8
C82114,2
C82116,3
C82119,5
C82120,8
C82121,22
C82122,2
C82123,3
C82124,2
C82600,7
C82610,9
C82611,12
C82614,8
C82623,9
C82624,1
C82626,1
C82627,12
C82628,5
C82631,6
C82634,5
C82639,13
C82642,3
C82643,9
C82644,5
C82649,16
C82650,12
C82651,1
C82653,1
C82656,6
C82660,3
C82662,3
C82663,4
C82667,7
C82669,5
C82671,1
C82676,8
C82678,8
C82680,5
C83001,12
C83002,13
C83003,29
C83004,21
C83005,16
C83007,71
C83008,10
C83009,7
C83010,24
C83011,38
C83013,16
C83014,18
C83015,30
C83018,17
C83019,55
C83020,23
C83022,42
C83023,43
C83024,9
C83025,26
C83026,80
C83027,23
C83028,21
C83029,12
C83030,19
C83031,22
C83032,18
C83033,2
C83035,22
C83036,21
C83037,27
C83038,19
C83039,19
C83040,36
C83041,15
C83042,21
C83043,29
C83044,19
C83045,47
C83046,10
C83048,26
C83049,17
C83051,3
C83052,14
C83053,7
C83054,37
C83055,16
C83056,33
C83057,21
C83058,18
C83059,25
C83060,28
C83061,31
C83062,10
C83063,60
C83064,49
C83065,16
C83067,19
C83071,15
C83072,18
C83073,10
C83074,14
C83075,21
C83078,11
C83079,5
C83080,14
C83082,14
C83083,23
C83085,27
C83605,2
C83611,6
C83613,13
C83614,9
C83617,16
C83626,11
C83628,1
C83631,3
C83634,16
C83635,15
C83637,5
C83641,15
C83643,7
C83649,10
C83650,7
C83653,4
C84001,84
C84002,1
C84004,11
C84005,46
C84008,19
C84009,36
C84010,21
C84011,15
C84012,35
C84013,35
C84014,20
C84016,33
C84017,59
C84018,7
C84019,34
C84020,11
C84021,26
C84023,3
C84024,76
C84025,12
C84026,25
C84028,12
C84029,28
C84030,16
C84031,7
C84032,45
C84033,21
C84034,11
C84035,38
C84036,26
C84037,30
C84039,12
C84042,9
C84043,9
C84044,28
C84045,17
C84046,14
C84047,31
C84048,15
C84049,25
C84051,35
C84053,33
C84055,32
C84057,9
C84059,21
C84060,12
C84061,7
C84063,11
C84064,4
C84065,10
C84066,35
C84067,16
C84069,24
C84072,6
C84074,9
C84076,6
C84077,23
C84078,21
C84080,19
C84081,10
C84084,16
C84085,16
C84086,28
C84087,16
C84090,21
C84091,6
C84092,7
C84094,44
C84095,20
C84096,3
C84101,10
C84103,5
C84104,1
C84105,4
C84106,22
C84107,15
C84112,5
C84113,21
C84114,16
C84115,22
C84116,8
C84117,8
C84120,31
C84122,11
C84123,11
C84124,5
C84127,7
C84129,21
C84131,20
C84133,3
C84135,2
C84136,6
C84138,7
C84140,20
C84142,13
C84144,2
C84150,9
C84151,2
C84602,3
C84605,31
C84613,25
C84619,12
C84621,2
C84624,12
C84628,6
C84629,6
C84637,10
C84646,17
C84654,5
C84656,11
C84658,13
C84660,15
C84664,5
C84667,10
C84676,9
C84679,4
C84682,6
C84683,6
C84688,4
C84691,2
C84692,16
C84693,7
C84694,9
C84695,6
C84696,9
C84698,4
C84703,19
C84704,10
C84705,12
C84709,5
C84710,1
C84714,1
C84717,8
C85001,8
C85003,11
C85004,37
C85005,15
C85006,11
C85007,12
C85008,10
C85009,5
C85010,32
C85013,20
C85014,15
C85016,20
C85017,20
C85018,8
C85019,6
C85020,24
C85022,13
C85023,17
C85024,15
C85026,9
C85028,6
C85030,14
C85033,13
C85614,4
C85619,12
C85622,2
C85623,8
C86001,32
C86002,17
C86003,24
C86005,13
C86006,31
C86007,38
C86009,26
C86011,31
C86012,16
C86013,31
C86015,13
C86016,15
C86017,25
C86018,20
C86019,33
C86020,16
C86021,17
C86022,18
C86023,19
C86024,25
C86025,9
C86026,11
C86029,27
C86032,20
C86033,10
C86034,8
C86037,24
C86038,23
C86039,3
C86605,14
C86606,4
C86609,17
C86611,15
C86613,6
C86614,28
C86616,5
C86621,5
C86623,1
C86625,1
C86626,2
C87002,53
C87003,22
C87004,30
C87005,35
C87006,25
C87007,21
C87008,41
C87009,23
C87010,7
C87012,21
C87013,10
C87014,10
C87015,22
C87016,27
C87017,28
C87018,22
C87020,9
C87022,14
C87024,14
C87029,25
C87030,21
C87031,5
C87603,5
C87604,14
C87606,4
C87608,3
C87616,10
C87620,18
C87621,1
C87622,10
C88005,20
C88006,1
C88007,9
C88008,16
C88009,12
C88010,31
C88011,2
C88014,17
C88015,35
C88016,37
C88018,21
C88019,14
C88020,2
C88021,19
C88022,14
C88023,24
C88024,6
C88025,13
C88026,15
C88027,5
C88028,27
C88030,12
C88031,29
C88032,13
C88033,2
C88034,31
C88035,9
C88036,24
C88037,23
C88038,8
C88039,15
C88040,11
C88041,17
C88043,15
C88044,13
C88045,14
C88046,7
C88047,11
C88048,5
C88049,9
C88050,7
C88051,6
C88052,20
C88053,13
C88054,23
C88059,4
C88060,3
C88062,8
C88068,7
C88069,9
C88070,5
C88072,28
C88073,11
C88074,8
C88076,10
C88077,7
C88078,16
C88079,14
C88082,2
C88083,11
C88084,7
C88085,14
C88086,4
C88087,17
C88088,12
C88090,8
C88091,5
C88092,26
C88095,11
C88096,17
C88631,2
C88643,3
C88647,15
C88648,15
C88652,10
C88655,2
C88656,11
D81001,17
D81002,25
D81003,6
D81004,31
D81005,11
D81007,4
D81008,52
D81009,1
D81010,30
D81011,26
D81012,25
D81013,19
D81014,29
D81015,24
D81016,25
D81017,6
D81018,27
D81019,1
D81020,1
D81021,24
D81022,96
D81023,14
D81024,2
D81025,25
D81026,65
D81027,14
D81028,30
D81029,21
D81030,38
D81031,38
D81032,12
D81033,11
D81034,49
D81035,27
D81036,14
D81037,9
D81038,21
D81039,4
D81040,4
D81041,16
D81042,14
D81043,98
D81044,31
D81045,19
D81046,34
D81047,25
D81049,31
D81050,30
D81051,22
D81052,26
D81053,4
D81054,20
D81055,20
D81056,9
D81057,51
D81058,22
D81059,21
D81060,17
D81061,30
D81062,27
D81063,1
D81064,16
D81065,1
D81066,15
D81070,10
D81073,4
D81074,1
D81078,8
D81081,8
D81082,21
D81084,11
D81085,13
D81086,11
D81602,6
D81603,27
D81606,28
D81607,4
D81611,36
D81612,10
D81615,18
D81618,12
D81622,22
D81623,8
D81624,2
D81625,18
D81629,5
D81630,7
D81631,9
D81633,7
D81637,13
D81645,2
D82001,62
D82002,17
D82003,47
D82004,49
D82005,37
D82006,36
D82007,55
D82008,46
D82009,24
D82010,21
D82011,44
D82012,30
D82013,14
D82015,36
D82016,29
D82017,19
D82018,27
D82019,51
D82020,33
D82022,14
D82023,24
D82024,13
D82025,31
D82026,16
D82027,32
D82028,18
D82029,53
D82030,28
D82031,17
D82032,24
D82034,55
D82035,32
D82036,30
D82037,30
D82038,15
D82039,23
D82040,16
D82041,15
D82042,33
D82043,29
D82044,94
D82045,64
D82046,10
D82047,20
D82048,38
D82049,14
D82050,21
D82051,37
D82053,24
D82054,47
D82056,25
D82057,16
D82058,52
D82059,38
D82060,8
D82062,27
D82063,24
D82064,63
D82065,23
D82066,28
D82067,21
D82068,20
D82069,2
D82070,11
D82071,40
D82072,12
D82073,30
D82076,16
D82078,36
D82079,10
D82080,24
D82084,32
D82085,15
D82087,13
D82088,4
D82096,12
D82099,30
D82100,18
D82104,36
D82105,12
D82106,5
D82600,6
D82604,17
D82613,1
D82618,18
D82621,15
D82624,13
D82628,10
D83001,37
D83002,41
D83003,20
D83004,24
D83005,26
D83006,26
D83007,14
D83008,25
D83009,61
D83010,30
D83011,38
D83012,20
D83013,26
D83014,17
D83015,26
D83016,20
D83017,52
D83018,30
D83019,21
D83020,26
D83021,37
D83022,25
D83023,31
D83024,23
D83026,25
D83027,8
D83028,30
D83029,17
D83030,16
D83033,19
D83034,35
D83035,59
D83036,8
D83037,39
D83038,41
D83039,15
D83040,20
D83041,34
D83043,13
D83044,36
D83045,16
D83046,63
D83047,50
D83048,52
D83049,20
D83050,32
D83051,32
D83053,29
D83054,12
D83055,38
D83056,15
D83057,41
D83058,11
D83059,32
D83060,64
D83061,19
D83062,19
D83064,8
D83067,9
D83069,20
D83070,11
D83073,9
D83074,15
D83075,19
D83076,17
D83078,6
D83079,19
D83080,20
D83081,23
D83082,9
D83084,20
D83608,13
D83610,14
D83615,5
E81001,6
E81002,22
E81003,54
E81004,44
E81005,28
E81006,43
E81007,29
E81008,35
E81009,61
E81010,30
E81011,3
E81012,36
E81013,46
E81014,39
E81015,52
E81016,20
E81017,2
E81018,36
E81019,37
E81021,23
E81022,36
E81023,6
E81024,26
E81025,17
E81026,21
E81027,23
E81028,22
E81029,49
E81030,9
E81031,16
E81032,59
E81033,44
E81034,28
E81035,23
E81036,44
E81037,120
E81038,48
E81040,39
E81041,24
E81043,27
E81044,55
E81045,33
E81046,54
E81047,37
E81048,31
E81049,25
E81050,23
E81052,41
E81054,2
E81056,9
E81057,51
E81059,9
E81060,18
E81061,13
E81063,6
E81064,17
E81065,10
E81069,28
E81073,22
E81074,36
E81075,1
E81076,11
E81077,14
E81611,6
E81612,13
E81615,2
E81617,24
E81631,6
E81632,34
E81633,5
E81635,13
E82001,110
E82002,17
E82004,10
E82005,66
E82006,33
E82007,30
E82008,27
E82009,41
E82011,1
E82012,35
E82013,56
E82014,68
E82015,31
E82017,26
E82018,19
E82019,70
E82020,18
E82021,22
E82022,50
E82023,12
E82024,27
E82025,2
E82027,33
E82028,22
E82031,35
E82032,53
E82034,7
E82035,42
E82037,62
E82038,23
E82040,49
E82041,20
E82042,21
E82043,31
E82044,41
E82045,13
E82046,33
E82048,24
E82049,10
E82050,11
E82051,36
E82053,45
E82054,2
E82055,46
E82056,13
E82057,4
E82058,23
E82059,31
E82060,43
E82061,33
E82062,32
E82063,24
E82064,13
E82066,6
E82067,44
E82068,37
E82069,14
E82070,9
E82071,55
E82072,30
E82073,75
E82074,62
E82075,29
E82077,47
E82078,44
E82079,20
E82080,1
E82081,43
E82082,34
E82083,31
E82084,35
E82085,59
E82086,37
E82088,46
E82089,27
E82090,52
E82091,57
E82092,31
E82093,19
E82094,40
E82096,32
E82098,23
E82099,40
E82100,59
E82102,36
E82104,12
E82105,16
E82106,39
E82107,18
E82109,7
E82111,8
E82113,21
E82115,51
E82117,14
E82121,10
E82123,36
E82124,54
E82126,3
E82129,51
E82130,21
E82131,5
E82132,13
E82133,15
E82603,12
E82626,11
E82638,15
E82640,8
E82641,9
E82643,10
E82644,1
E82652,11
E82654,9
E82655,14
E82657,16
E82661,13
E82663,1
E83003,32
E83005,8
E83006,18
E83007,10
E83008,16
E83009,19
E83010,22
E83011,16
E83012,24
E83013,18
E83016,35
E83017,30
E83018,32
E83020,14
E83021,25
E83024,34
E83025,14
E83026,11
E83027,11
E83028,5
E83030,15
E83031,12
E83032,16
E83034,18
E83035,20
E83036,4
E83037,9
E83038,18
E83039,6
E83041,7
E83044,26
E83045,16
E83046,9
E83049,11
E83050,12
E83053,23
E83600,4
E83613,28
E83621,26
E83622,12
E83624,2
E83629,2
E83632,3
E83637,12
E83638,15
E83639,8
E83649,7
E83650,9
E83653,17
E83657,3
E83658,1
E83668,6
E84002,14
E84003,10
E84004,16
E84005,18
E84006,45
E84007,15
E84008,24
E84009,35
E84011,4
E84012,20
E84013,15
E84014,29
E84015,40
E84017,12
E84018,20
E84020,5
E84021,20
E84022,12
E84023,4
E84024,63
E84025,29
E84028,3
E84030,9
E84031,14
E84032,14
E84033,7
E84036,14
E84039,37
E84040,9
E84042,15
E84044,29
E84048,14
E84049,10
E84051,8
E84053,10
E84057,24
E84058,43
E84059,11
E84061,40
E84062,10
E84063,1
E84066,14
E84067,10
E84068,31
E84069,39
E84070,17
E84074,15
E84075,11
E84076,8
E84077,1
E84078,9
E84080,18
E84083,21
E84086,16
E84601,9
E84617,8
E84620,17
E84624,5
E84626,7
E84635,8
E84637,6
E84638,6
E84645,10
E84646,11
E84647,8
E84653,2
E84656,6
E84658,9
E84663,8
E84665,19
E84667,3
E84669,1
E84674,10
E84676,6
E84678,6
E84680,9
E84681,4
E84684,11
E84685,13
E84690,1
E84693,9
E84696,1
E84699,7
E84701,6
E84702,15
E84704,4
E84709,12
E84713,8
E85001,15
E85003,19
E85004,18
E85005,6
E85006,5
E85007,34
E85008,15
E85012,16
E85013,9
E85014,15
E85015,16
E85016,18
E85019,18
E85020,25
E85021,21
E85023,6
E85024,11
E85025,4
E85026,19
E85028,26
E85029,18
E85030,8
E85032,10
E85033,5
E85034,12
E85035,12
E85038,5
E85040,33
E85041,10
E85042,5
E85045,13
E85046,7
E85048,11
E85049,6
E85050,13
E85051,11
E85052,12
E85053,5
E85054,13
E85055,23
E85056,15
E85057,26
E85058,9
E85059,15
E85060,15
E85061,4
E85062,11
E85064,12
E85066,5
E85069,9
E85071,4
E85074,12
E85075,10
E85077,9
E85083,10
E85088,6
E85090,3
E85091,3
E85096,7
E85098,5
E85099,3
E85103,4
E85105,3
E85107,17
E85108,12
E85109,7
E85111,9
E85112,6
E85113,11
E85114,15
E85115,9
E85116,6
E85118,19
E85119,11
E85120,16
E85121,20
E85122,30
E85123,11
E85124,17
E85125,7
E85126,16
E85127,14
E85128,21
E85129,19
E85130,8
E85600,6
E85605,18
E85617,2
E85623,1
E85624,8
E85625,7
E85628,26
E85630,3
E85633,12
E85635,12
E85636,11
E85640,4
E85643,8
E85649,6
E85656,2
E85657,10
E85658,9
E85659,3
E85663,9
E85677,3
E85680,16
E85681,11
E85682,10
E85683,10
E85685,24
E85687,1
E85692,20
E85693,28
E85694,6
E85696,4
E85697,11
E85699,12
E85700,1
E85707,12
E85708,7
E85712,9
E85713,3
E85714,5
E85715,8
E85716,12
E85718,3
E85719,19
E85723,2
E85725,6
E85726,7
E85734,4
E85735,7
E85736,12
E85739,14
E85740,3
E85743,3
E85744,15
E85745,4
E85746,5
E85748,3
E85750,17
E86001,25
E86003,6
E86004,23
E86005,18
E86006,23
E86007,25
E86009,13
E86010,15
E86011,18
E86012,35
E86014,11
E86015,42
E86016,17
E86017,19
E86018,14
E86019,13
E86020,4
E86022,21
E86024,14
E86026,8
E86027,11
E86028,14
E86029,18
E86030,2
E86033,17
E86034,5
E86036,18
E86038,7
E86041,7
E86042,6
E86605,6
E86609,1
E86610,6
E86612,4
E86615,6
E86618,16
E86619,3
E86620,9
E86625,4
E86626,8
E86629,5
E86632,11
E86637,14
E86640,7
E87002,33
E87003,11
E87004,28
E87005,20
E87006,11
E87007,9
E87008,11
E87009,10
E87010,9
E87011,8
E87013,30
E87016,16
E87021,7
E87024,12
E87026,6
E87029,17
E87034,27
E87037,9
E87038,8
E87043,4
E87045,9
E87046,11
E87047,13
E87048,4
E87050,4
E87052,8
E87061,13
E87063,8
E87065,6
E87066,14
E87067,16
E87069,6
E87070,7
E87609,12
E87637,25
E87648,12
E87663,11
E87665,14
E87677,3
E87681,10
E87682,2
E87694,1
E87701,17
E87702,6
E87706,7
E87711,16
E87714,3
E87715,14
E87720,6
E87722,4
E87733,12
E87735,1
E87737,19
E87738,22
E87739,15
E87740,2
E87741,7
E87742,7
E87745,6
E87746,9
E87750,6
E87751,5
E87753,14
E87754,2
E87755,2
E87756,8
E87762,11
F0A8V,1
F7B7P,1
F81001,42
F81003,11
F81004,35
F81006,5
F81007,77
F81009,22
F81010,25
F81011,29
F81012,50
F81013,27
F81014,32
F81015,25
F81016,6
F81017,53
F81018,8
F81019,71
F81020,30
F81021,42
F81022,42
F81023,17
F81024,11
F81025,18
F81026,51
F81027,51
F81028,39
F81029,10
F81030,48
F81031,16
F81032,13
F81034,20
F81035,5
F81036,48
F81037,35
F81038,31
F81040,19
F81041,50
F81042,145
F81043,74
F81044,40
F81045,13
F81046,20
F81047,32
F81048,37
F81049,56
F81051,26
F81052,90
F81053,32
F81055,32
F81056,35
F81057,35
F81060,10
F81061,29
F81062,11
F81065,21
F81066,18
F81067,67
F81068,57
F81069,28
F81070,4
F81071,29
F81072,25
F81074,7
F81075,61
F81076,7
F81078,24
F81079,7
F81080,43
F81081,42
F81082,10
F81083,32
F81084,1
F81085,34
F81086,14
F81087,34
F81088,1
F81089,40
F81090,26
F81091,35
F81092,11
F81094,7
F81095,61
F81096,34
F81097,40
F81098,32
F81099,41
F81100,79
F81101,20
F81102,10
F81104,25
F81105,55
F81106,28
F81108,42
F81109,1
F81110,10
F81111,18
F81112,29
F81113,21
F81114,40
F81115,110
F81116,57
F81117,28
F81118,44
F81119,35
F81120,32
F81121,24
F81122,54
F81123,65
F81125,56
F81126,41
F81127,11
F81128,48
F81130,23
F81131,26
F81132,33
F81133,60
F81134,16
F81136,24
F81137,15
F81138,3
F81141,17
F81142,23
F81144,39
F81147,10
F81149,37
F81150,9
F81151,2
F81152,20
F81153,26
F81155,15
F81156,32
F81157,2
F81158,6
F81159,4
F81162,2
F81163,30
F81164,27
F81165,19
F81168,2
F81169,21
F81170,35
F81173,13
F81176,5
F81177,11
F81181,36
F81183,20
F81184,13
F81186,7
F81192,23
F81193,12
F81195,1
F81197,2
F81198,14
F81200,11
F81205,20
F81206,4
F81207,2
F81209,9
F81211,9
F81212,31
F81213,33
F81215,32
F81216,13
F81218,7
F81219,15
F81221,30
F81222,7
F81223,12
F81606,14
F81613,21
F81618,10
F81619,10
F81622,2
F81623,6
F81632,3
F81633,16
F81635,5
F81636,29
F81640,9
F81641,6
F81644,2
F81645,8
F81649,12
F81651,7
F81652,7
F81656,11
F81665,8
F81666,4
F81669,5
F81674,14
F81675,16
F81679,20
F81681,103
F81683,17
F81684,17
F81688,2
F81690,29
F81691,8
F81696,10
F81697,9
F81698,4
F81699,1
F81700,8
F81704,11
F81707,4
F81708,9
F81711,2
F81713,13
F81716,24
F81720,3
F81721,19
F81725,25
F81729,6
F81730,22
F81732,16
F81737,8
F81738,2
F81739,22
F81740,13
F81741,57
F81743,3
F81744,6
F81746,6
F81749,39
F81751,13
F81757,30
F82001,9
F82002,23
F82003,17
F82005,4
F82006,39
F82007,29
F82008,36
F82009,39
F82010,13
F82011,29
F82012,10
F82013,26
F82014,11
F82015,5
F82016,8
F82017,10
F82018,18
F82019,21
F82021,27
F82022,43
F82023,13
F82025,8
F82027,4
F82028,18
F82030,44
F82031,13
F82033,13
F82034,3
F82038,5
F82039,7
F82040,4
F82042,21
F82045,10
F82051,6
F82053,11
F82055,17
F82604,11
F82607,13
F82609,14
F82610,4
F82612,11
F82614,5
F82619,6
F82621,4
F82624,13
F82625,11
F82627,11
F82630,8
F82634,2
F82638,10
F82639,2
F82642,8
F82648,7
F82649,11
F82650,8
F82653,1
F82660,30
F82661,3
F82663,11
F82665,1
F82666,12
F82668,1
F82670,5
F82671,5
F82674,8
F82675,11
F82676,4
F82677,13
F82678,10
F82679,11
F82680,12
F82686,6
F83002,16
F83003,14
F83004,9
F83005,4
F83006,12
F83007,9
F83008,12
F83010,32
F83011,17
F83012,14
F83015,25
F83017,26
F83018,11
F83019,18
F83020,24
F83021,19
F83022,32
F83023,44
F83025,9
F83027,3
F83032,16
F83033,4
F83034,7
F83039,8
F83042,5
F83044,8
F83045,15
F83048,7
F83050,11
F83051,3
F83052,3
F83053,9
F83055,19
F83056,5
F83057,19
F83058,6
F83059,19
F83060,18
F83061,9
F83063,10
F83064,11
F83615,12
F83623,14
F83624,9
F83632,8
F83633,3
F83635,2
F83652,19
F83658,6
F83660,14
F83664,12
F83665,12
F83666,11
F83671,2
F83672,2
F83673,7
F83674,18
F83678,6
F83680,7
F83681,7
F83683,7
F83686,6
F84003,25
F84004,12
F84006,11
F84008,22
F84009,3
F84010,5
F84012,5
F84013,11
F84014,2
F84015,8
F84016,13
F84017,22
F84018,18
F84021,15
F84022,7
F84025,9
F84030,6
F84031,8
F84033,10
F84034,4
F84035,1
F84036,9
F84038,11
F84039,4
F84041,11
F84044,4
F84046,1
F84047,12
F84050,8
F84051,3
F84052,20
F84053,9
F84054,9
F84055,5
F84060,10
F84062,14
F84063,9
F84069,19
F84070,6
F84072,10
F84074,11
F84077,12
F84079,14
F84080,11
F84081,4
F84083,8
F84086,7
F84087,8
F84088,6
F84092,5
F84093,18
F84096,16
F84097,6
F84105,12
F84111,13
F84114,4
F84115,9
F84117,13
F84118,1
F84119,12
F84121,11
F84122,16
F84123,4
F84124,2
F84601,5
F84619,5
F84620,10
F84621,6
F84635,6
F84636,2
F84640,13
F84641,1
F84642,7
F84647,7
F84656,3
F84657,5
F84658,7
F84661,3
F84666,3
F84668,3
F84669,8
F84670,1
F84672,4
F84673,1
F84676,4
F84677,3
F84681,8
F84682,3
F84685,5
F84686,3
F84692,7
F84694,3
F84696,3
F84706,2
F84708,3
F84710,10
F84711,4
F84714,7
F84716,7
F84717,6
F84718,8
F84719,8
F84720,13
F84724,12
F84729,5
F84730,10
F84731,3
F84734,1
F84735,16
F84739,2
F84740,2
F84741,3
F84742,1
F84747,8
F84749,8
F85002,94
F85003,14
F85004,28
F85007,21
F85008,42
F85010,21
F85013,22
F85014,38
F85015,1
F85016,22
F85017,13
F85019,26
F85020,35
F85023,23
F85024,3
F85025,44
F85027,24
F85028,17
F85029,40
F85030,24
F85031,15
F85032,17
F85033,65
F85034,17
F85035,28
F85036,5
F85039,17
F85043,10
F85044,12
F85045,9
F85046,4
F85048,8
F85052,3
F85053,8
F85055,17
F85058,20
F85060,8
F85061,9
F85063,36
F85064,16
F85065,5
F85066,40
F85067,13
F85069,20
F85071,20
F85072,30
F85076,24
F85615,8
F85623,8
F85625,22
F85628,7
F85634,7
F85640,14
F85642,15
F85645,4
F85650,13
F85652,7
F85654,4
F85656,3
F85663,14
F85666,12
F85669,11
F85675,13
F85676,16
F85678,14
F85681,5
F85682,12
F85684,3
F85686,10
F85687,20
F85688,18
F85697,6
F85700,11
F85701,25
F85703,7
F85705,27
F85707,4
F86001,14
F86004,37
F86005,14
F86006,5
F86007,25
F86008,21
F86009,16
F86010,27
F86011,14
F86012,21
F86013,12
F86018,18
F86020,11
F86022,13
F86023,26
F86025,16
F86026,16
F86028,12
F86030,7
F86032,17
F86034,6
F86036,23
F86038,12
F86040,2
F86042,3
F86044,10
F86045,6
F86057,14
F86058,16
F86060,23
F86062,6
F86064,14
F86066,11
F86073,2
F86074,12
F86078,18
F86081,6
F86082,4
F86083,13
F86085,4
F86086,6
F86087,10
F86088,6
F86607,25
F86612,5
F86616,16
F86621,11
F86624,8
F86625,11
F86626,4
F86627,24
F86637,14
F86638,10
F86641,12
F86642,3
F86644,17
F86650,8
F86652,15
F86657,6
F86658,16
F86664,14
F86666,12
F86679,3
F86689,9
F86691,28
F86692,9
F86696,8
F86698,5
F86700,14
F86701,10
F86702,15
F86703,7
F86704,1
F86705,6
F86707,6
F86708,6
F86712,8
F86731,13
G71010,1
G81001,17
G81002,25
G81003,65
G81004,52
G81006,7
G81007,20
G81008,61
G81011,26
G81012,31
G81014,15
G81016,23
G81017,38
G81018,20
G81019,53
G81021,68
G81022,53
G81023,27
G81024,34
G81025,22
G81026,15
G81027,13
G81028,15
G81029,76
G81030,36
G81031,49
G81032,60
G81033,1
G81034,32
G81035,22
G81036,30
G81037,25
G81038,15
G81039,109
G81040,17
G81041,58
G81042,25
G81043,28
G81044,9
G81045,13
G81046,25
G81047,9
G81048,27
G81049,20
G81050,46
G81051,40
G81052,18
G81053,8
G81054,23
G81055,49
G81056,14
G81057,29
G81059,30
G81061,17
G81065,24
G81070,44
G81071,2
G81073,8
G81074,43
G81075,10
G81076,41
G81077,39
G81082,14
G81083,13
G81084,41
G81085,11
G81086,26
G81087,31
G81088,35
G81089,12
G81090,1
G81094,1
G81095,48
G81096,9
G81097,3
G81098,31
G81099,53
G81100,39
G81102,47
G81104,39
G81105,12
G81613,5
G81614,21
G81634,19
G81638,14
G81641,5
G81646,5
G81656,10
G81658,44
G81663,18
G81667,3
G81669,5
G81680,9
G81684,4
G81694,4
G82002,32
G82006,38
G82007,29
G82011,2
G82012,1
G82013,48
G82014,46
G82015,32
G82016,26
G82017,40
G82018,32
G82019,36
G82020,56
G82021,44
G82022,23
G82023,19
G82024,47
G82025,42
G82026,24
G82027,57
G82028,40
G82031,44
G82032,42
G82035,23
G82036,53
G82037,63
G82038,41
G82039,67
G82041,34
G82042,47
G82044,34
G82046,17
G82048,34
G82049,9
G82050,65
G82051,33
G82052,52
G82053,26
G82055,25
G82056,40
G82057,42
G82058,30
G82059,52
G82060,69
G82062,5
G82063,44
G82064,37
G82065,4
G82066,33
G82067,46
G82069,31
G82071,236
G82072,12
G82073,46
G82074,51
G82076,38
G82077,39
G82079,54
G82080,54
G82082,44
G82083,48
G82085,47
G82086,34
G82087,53
G82088,32
G82089,32
G82090,99
G82091,18
G82092,35
G82093,43
G82094,47
G82095,40
G82096,4
G82097,66
G82098,23
G82099,50
G82100,47
G82103,14
G82104,2
G82105,68
G82106,26
G82107,45
G82108,13
G82109,7
G82110,17
G82111,57
G82112,30
G82113,19
G82114,68
G82115,37
G82117,32
G82118,44
G82119,106
G82120,59
G82121,44
G82122,68
G82123,10
G82125,45
G82126,54
G82128,14
G82129,17
G82133,23
G82135,73
G82137,31
G82138,16
G82139,12
G82140,13
G82141,26
G82142,40
G82143,23
G82147,28
G82148,9
G82150,24
G82152,28
G82154,18
G82155,20
G82158,15
G82160,72
G82161,64
G82162,25
G82164,28
G82165,38
G82170,7
G82180,15
G82184,6
G82185,35
G82186,31
G82198,14
G82200,35
G82203,24
G82204,10
G82205,23
G82206,5
G82211,20
G82212,24
G82215,30
G82217,9
G82218,29
G82219,23
G82221,13
G82224,10
G82225,37
G82226,19
G82227,18
G82228,76
G82229,28
G82230,1
G82231,24
G82232,25
G82233,30
G82234,18
G82235,12
G82600,8
G82604,34
G82605,4
G82622,5
G82631,16
G82634,27
G82635,12
G82639,11
G82641,8
G82647,44
G82648,3
G82650,34
G82652,22
G82653,7
G82658,17
G82662,3
G82665,38
G82666,50
G82671,16
G82679,20
G82681,25
G82682,25
G82684,18
G82686,12
G82687,11
G82688,5
G82690,7
G82691,12
G82693,41
G82696,6
G82697,20
G82698,11
G82700,39
G82702,7
G82704,23
G82706,2
G82708,8
G82711,13
G82719,16
G82721,14
G82722,5
G82727,13
G82729,29
G82730,32
G82732,16
G82733,6
G82735,4
G82737,22
G82741,10
G82744,21
G82748,1
G82751,9
G82753,5
G82754,12
G82757,5
G82760,5
G82762,6
G82763,6
G82768,14
G82775,14
G82777,3
G82780,24
G82790,41
G82791,4
G82793,1
G82796,33
G82799,27
G82802,7
G82808,29
G82809,69
G82820,5
G82888,7
G83001,37
G83002,31
G83003,4
G83004,51
G83005,9
G83006,58
G83009,28
G83010,44
G83012,36
G83013,8
G83015,18
G83016,16
G83018,24
G83019,28
G83021,33
G83022,5
G83024,22
G83025,48
G83026,14
G83027,40
G83028,32
G83029,31
G83030,15
G83031,21
G83033,34
G83034,10
G83037,6
G83039,27
G83044,19
G83046,23
G83047,27
G83049,46
G83052,32
G83053,68
G83057,49
G83058,16
G83060,10
G83061,12
G83062,25
G83065,16
G83066,58
G83067,44
G83628,16
G83630,24
G83631,13
G83633,16
G83635,10
G83641,3
G83642,21
G83647,15
G83651,19
G83654,6
G83663,4
G83673,15
G83680,67
G84001,31
G84002,25
G84003,18
G84004,46
G84005,15
G84006,46
G84007,20
G84008,14
G84009,28
G84010,54
G84011,24
G84013,6
G84015,73
G84016,46
G84017,39
G84018,30
G84019,27
G84020,28
G84021,3
G84022,5
G84023,35
G84024,12
G84025,13
G84027,48
G84028,30
G84029,14
G84030,14
G84032,47
G84033,29
G84035,24
G84039,12
G84040,26
G84041,8
G84604,13
G84607,11
G84609,19
G84621,10
G84624,5
G84625,8
G84627,34
G84629,15
G84630,9
G85001,31
G85002,29
G85003,10
G85004,44
G85005,37
G85006,17
G85008,9
G85011,22
G85013,26
G85014,21
G85015,26
G85016,42
G85019,10
G85020,6
G85021,10
G85022,47
G85023,19
G85024,50
G85025,28
G85026,13
G85027,18
G85028,37
G85029,12
G85030,15
G85031,20
G85032,23
G85034,154
G85035,14
G85036,1
G85038,40
G85039,45
G85040,19
G85041,18
G85042,11
G85044,12
G85045,7
G85046,21
G85047,12
G85048,5
G85050,2
G85051,21
G85052,17
G85053,30
G85054,21
G85055,24
G85057,10
G85061,23
G85073,11
G85076,11
G85082,2
G85083,28
G85084,8
G85085,16
G85086,10
G85087,18
G85089,14
G85091,10
G85096,23
G85100,11
G85102,7
G85104,25
G85105,11
G85106,3
G85109,32
G85112,2
G85114,29
G85118,3
G85119,12
G85120,19
G85121,8
G85123,6
G85124,10
G85125,13
G85127,11
G85129,14
G85130,25
G85132,18
G85133,3
G85134,20
G85135,27
G85136,16
G85137,8
G85138,16
G85623,16
G85632,12
G85633,35
G85642,18
G85644,21
G85647,8
G85651,16
G85662,11
G85673,6
G85674,7
G85681,13
G85685,20
G85690,12
G85695,9
G85696,16
G85698,11
G85705,7
G85706,15
G85708,8
G85711,9
G85715,12
G85716,12
G85717,2
G85721,10
G85722,13
G85723,3
G85724,26
G85726,13
G85727,12
G85736,7
G86402,1
GUE010,1
GUE040,2
GUE050,4
H81002,17
H81003,59
H81004,39
H81005,30
H81006,15
H81007,22
H81009,60
H81010,41
H81011,34
H81013,83
H81015,38
H81016,63
H81017,116
H81019,37
H81020,38
H81021,44
H81022,18
H81023,49
H81024,30
H81025,42
H81026,23
H81027,42
H81028,51
H81029,26
H81030,32
H81031,40
H81032,43
H81033,54
H81034,30
H81035,40
H81036,18
H81037,52
H81038,13
H81039,21
H81040,33
H81041,26
H81042,38
H81043,34
H81044,18
H81045,29
H81046,22
H81047,28
H81048,24
H81050,30
H81051,50
H81052,63
H81053,34
H81055,34
H81056,80
H81057,23
H81058,35
H81060,28
H81061,28
H81062,74
H81064,54
H81065,22
H81066,41
H81067,33
H81068,59
H81069,66
H81070,58
H81071,24
H81072,41
H81073,31
H81074,18
H81075,40
H81076,48
H81077,29
H81078,71
H81079,5
H81080,53
H81081,38
H81082,32
H81083,23
H81084,33
H81085,33
H81086,24
H81087,22
H81088,47
H81089,63
H81090,31
H81091,33
H81094,25
H81095,11
H81097,13
H81099,28
H81101,3
H81103,48
H81104,26
H81107,18
H81109,26
H81110,20
H81111,21
H81113,35
H81116,15
H81119,56
H81122,22
H81123,3
H81126,26
H81128,21
H81129,12
H81130,48
H81131,10
H81132,7
H81133,133
H81134,29
H81611,1
H81613,14
H81615,44
H81618,16
H81632,11
H81638,17
H81641,4
H81642,13
H81643,2
H81644,30
H81647,6
H81656,33
H81658,27
H81663,3
H81664,2
H81672,14
H82002,1
H82003,29
H82004,11
H82005,11
H82006,12
H82007,55
H82008,22
H82009,49
H82010,16
H82011,43
H82012,27
H82013,32
H82014,54
H82015,19
H82016,28
H82017,81
H82020,18
H82021,28
H82022,44
H82023,76
H82024,1
H82025,35
H82026,26
H82027,16
H82028,37
H82029,17
H82030,42
H82031,33
H82032,41
H82033,18
H82034,102
H82035,35
H82036,37
H82037,42
H82038,46
H82039,32
H82040,63
H82041,34
H82042,24
H82043,59
H82044,37
H82045,48
H82046,54
H82047,32
H82048,49
H82049,25
H82050,23
H82051,37
H82052,52
H82053,20
H82055,48
H82056,32
H82057,56
H82058,31
H82059,66
H82060,30
H82061,24
H82063,46
H82064,25
H82065,49
H82066,37
H82067,17
H82070,57
H82072,43
H82076,18
H82077,43
H82078,25
H82083,22
H82084,19
H82087,24
H82088,6
H82089,26
H82091,15
H82092,27
H82095,44
H82096,26
H82098,14
H82099,28
H82100,16
H82615,17
H82621,10
H82640,47
H82641,7
H83001,32
H83004,45
H83005,17
H83006,28
H83007,15
H83008,13
H83009,25
H83010,26
H83011,10
H83012,24
H83013,58
H83014,27
H83015,37
H83016,48
H83017,32
H83018,47
H83019,17
H83020,28
H83021,20
H83022,24
H83023,22
H83024,57
H83027,8
H83028,12
H83029,26
H83030,7
H83031,14
H83033,10
H83034,16
H83037,16
H83039,24
H83040,5
H83042,22
H83043,23
H83044,29
H83048,1
H83049,2
H83050,10
H83051,17
H83052,6
H83053,37
H83608,10
H83609,10
H83611,8
H83620,1
H83624,22
H83625,6
H83627,11
H83631,11
H84002,41
H84005,35
H84006,26
H84007,21
H84010,30
H84012,27
H84014,6
H84015,22
H84016,51
H84017,29
H84018,17
H84020,32
H84023,18
H84025,26
H84027,36
H84030,55
H84031,18
H84032,31
H84033,21
H84034,20
H84039,32
H84040,38
H84041,4
H84042,37
H84043,6
H84044,20
H84048,18
H84050,24
H84051,16
H84053,9
H84054,8
H84055,20
H84057,8
H84059,16
H84060,24
H84061,23
H84062,26
H84608,2
H84618,10
H84619,20
H84623,28
H84625,16
H84629,5
H84630,5
H84632,2
H84635,53
H84639,5
H85001,18
H85002,16
H85003,19
H85005,34
H85006,12
H85007,45
H85008,19
H85009,23
H85011,27
H85012,36
H85018,30
H85019,6
H85020,79
H85021,16
H85022,11
H85023,15
H85024,23
H85025,35
H85026,16
H85027,27
H85028,21
H85029,35
H85030,39
H85031,24
H85032,14
H85033,31
H85035,26
H85037,38
H85038,35
H85041,15
H85045,40
H85047,31
H85048,28
H85049,9
H85051,27
H85052,13
H85053,11
H85054,5
H85055,21
H85056,1
H85057,10
H85061,28
H85063,54
H85065,6
H85066,18
H85067,4
H85069,23
H85070,9
H85072,2
H85075,8
H85076,27
H85077,19
H85078,7
H85082,4
H85087,27
H85088,6
H85090,19
H85092,12
H85095,28
H85100,14
H85101,28
H85103,15
H85105,34
H85110,12
H85111,13
H85112,13
H85113,16
H85114,24
H85115,34
H85116,22
H85618,38
H85634,8
H85637,3
H85649,18
H85653,55
H85656,8
H85659,7
H85662,22
H85664,1
H85665,6
H85680,8
H85682,14
H85683,12
H85686,36
H85693,26
H85695,7
I1Z8L,1
I3N8F,1
J81002,44
J81003,11
J81004,15
J81005,54
J81006,78
J81009,39
J81010,52
J81011,36
J81012,64
J81013,23
J81014,59
J81016,25
J81017,24
J81018,31
J81019,81
J81020,14
J81021,32
J81022,15
J81025,29
J81026,3
J81027,61
J81028,54
J81029,16
J81030,19
J81031,13
J81032,7
J81033,34
J81034,37
J81035,20
J81036,22
J81039,13
J81040,1
J81041,56
J81042,11
J81044,10
J81045,28
J81046,32
J81047,27
J81048,12
J81049,23
J81051,48
J81052,12
J81053,17
J81054,28
J81055,11
J81056,58
J81057,37
J81058,32
J81059,19
J81061,47
J81062,28
J81064,12
J81066,24
J81067,13
J81068,27
J81069,3
J81070,16
J81071,8
J81072,23
J81073,54
J81074,26
J81075,27
J81076,51
J81077,18
J81078,20
J81081,35
J81082,23
J81083,21
J81086,9
J81087,22
J81609,13
J81612,7
J81613,18
J81616,20
J81620,101
J81621,19
J81625,22
J81626,11
J81628,5
J81631,9
J81633,7
J81634,20
J81637,20
J81644,6
J81646,24
J81647,32
J81648,5
J82001,19
J82002,31
J82005,23
J82006,29
J82007,103
J82008,39
J82009,44
J82010,45
J82012,25
J82015,29
J82016,32
J82017,47
J82018,75
J82019,49
J82020,28
J82021,26
J82022,43
J82023,28
J82024,32
J82025,41
J82026,42
J82028,45
J82029,24
J82030,1
J82033,13
J82034,38
J82035,54
J82036,7
J82039,49
J82040,33
J82041,14
J82042,50
J82044,25
J82046,10
J82049,122
J82050,47
J82051,47
J82053,51
J82054,29
J82055,29
J82056,83
J82058,49
J82059,32
J82060,23
J82061,46
J82062,26
J82063,23
J82064,54
J82065,3
J82066,62
J82067,52
J82069,163
J82071,29
J82072,38
J82073,6
J82074,50
J82075,27
J82076,54
J82077,17
J82079,30
J82080,2
J82081,27
J82082,19
J82083,41
J82084,14
J82085,23
J82087,20
J82088,30
J82089,63
J82090,26
J82092,16
J82094,97
J82097,16
J82098,77
J82099,41
J82100,14
J82101,34
J82102,46
J82103,39
J82104,54
J82106,28
J82110,53
J82112,79
J82114,16
J82115,9
J82116,40
J82117,6
J82119,30
J82120,27
J82121,35
J82122,18
J82123,1
J82124,34
J82125,24
J82126,9
J82128,27
J82129,32
J82130,71
J82131,48
J82132,47
J82133,4
J82134,55
J82135,47
J82136,40
J82138,75
J82139,85
J82141,13
J82142,26
J82143,67
J82144,77
J82145,85
J82146,22
J82147,29
J82149,26
J82150,53
J82151,16
J82152,21
J82154,51
J82155,77
J82156,35
J82157,69
J82161,28
J82163,41
J82164,35
J82165,1
J82166,28
J82169,25
J82174,41
J82177,1
J82178,18
J82180,28
J82181,29
J82183,13
J82184,9
J82187,5
J82188,7
J82192,23
J82194,23
J82195,7
J82196,31
J82197,11
J82198,8
J82199,4
J82201,22
J82207,31
J82208,19
J82210,31
J82212,1
J82213,20
J82214,28
J82215,33
J82216,28
J82217,3
J82218,41
J82220,16
J82605,5
J82619,1
J82622,86
J82625,29
J82628,14
J82630,10
J82633,13
J82639,90
J82640,9
J82646,16
J82648,3
J82663,3
J82669,8
J82688,2
J83001,56
J83002,52
J83003,44
J83004,24
J83005,31
J83006,64
J83007,44
J83008,43
J83009,44
J83010,21
J83011,41
J83013,21
J83014,27
J83016,65
J83018,46
J83019,22
J83021,48
J83022,22
J83023,24
J83024,20
J83025,16
J83026,80
J83027,41
J83028,3
J83029,53
J83030,62
J83031,40
J83033,27
J83034,31
J83035,35
J83036,26
J83037,74
J83038,23
J83039,45
J83040,50
J83041,84
J83042,49
J83043,26
J83044,1
J83045,53
J83046,40
J83047,28
J83048,15
J83049,41
J83050,56
J83052,20
J83053,31
J83055,45
J83056,23
J83057,36
J83058,14
J83059,19
J83060,15
J83063,8
J83064,21
J83601,19
J83603,17
J83609,21
J83615,15
J83618,16
J83619,11
J83625,23
J83629,7
J83630,7
J83632,6
J83633,30
J83636,10
J83645,11
J83646,16
J84003,37
J84004,38
J84005,41
J84007,42
J84008,26
J84010,27
J84011,70
J84012,56
J84013,93
J84014,12
J84015,55
J84016,32
J84017,40
J84018,10
J84019,57
J84020,6
JER019,1
K81001,37
K81002,37
K81003,36
K81004,43
K81005,10
K81006,67
K81007,7
K81010,24
K81012,46
K81014,41
K81015,5
K81017,59
K81018,39
K81019,5
K81020,58
K81021,27
K81022,73
K81023,6
K81024,42
K81025,55
K81026,20
K81027,39
K81028,21
K81030,59
K81032,4
K81034,11
K81036,27
K81039,9
K81040,33
K81041,29
K81042,20
K81043,19
K81045,33
K81046,12
K81047,74
K81048,11
K81050,24
K81051,32
K81052,27
K81055,27
K81056,11
K81057,26
K81059,17
K81060,27
K81062,41
K81063,43
K81065,1
K81066,28
K81067,14
K81068,20
K81069,58
K81070,37
K81072,1
K81073,63
K81074,26
K81075,44
K81076,36
K81077,33
K81078,32
K81080,23
K81081,5
K81082,17
K81083,27
K81084,17
K81085,13
K81086,12
K81087,12
K81089,5
K81092,42
K81094,3
K81097,23
K81100,14
K81101,3
K81102,30
K81103,37
K81605,24
K81607,3
K81608,9
K81610,51
K81613,7
K81616,13
K81622,4
K81630,32
K81633,15
K81636,17
K81638,7
K81640,3
K81644,31
K81645,4
K81647,6
K81651,17
K81655,14
K81656,5
K81657,4
K82001,31
K82003,22
K82004,38
K82005,1
K82006,28
K82007,80
K82008,20
K82009,22
K82010,26
K82011,14
K82012,24
K82013,42
K82014,17
K82015,21
K82016,63
K82017,26
K82018,20
K82019,25
K82020,19
K82021,46
K82022,13
K82023,101
K82024,36
K82025,20
K82026,37
K82027,15
K82028,28
K82029,23
K82030,23
K82031,29
K82032,16
K82033,52
K82035,9
K82036,21
K82037,26
K82038,49
K82039,14
K82040,24
K82042,3
K82043,13
K82044,25
K82045,17
K82046,40
K82047,64
K82048,15
K82049,59
K82050,3
K82051,30
K82053,31
K82054,28
K82055,33
K82057,25
K82058,15
K82059,12
K82060,6
K82061,14
K82062,2
K82064,11
K82065,20
K82066,32
K82067,27
K82068,20
K82070,47
K82073,87
K82074,8
K82076,28
K82078,28
K82079,43
K82603,17
K82610,13
K82615,14
K82617,21
K82618,7
K82621,8
K82631,24
K82633,16
K83002,101
K83003,10
K83005,33
K83006,21
K83007,23
K83008,18
K83009,21
K83010,28
K83011,42
K83012,21
K83013,17
K83014,21
K83015,40
K83017,24
K83018,20
K83019,16
K83020,6
K83021,52
K83022,19
K83023,25
K83024,29
K83025,15
K83026,31
K83027,8
K83028,40
K83029,27
K83030,22
K83031,23
K83032,40
K83033,2
K83035,10
K83036,39
K83037,40
K83039,43
K83040,19
K83041,38
K83042,27
K83043,23
K83044,42
K83047,45
K83048,18
K83049,31
K83050,10
K83051,41
K83052,40
K83053,11
K83055,17
K83056,5
K83059,19
K83064,42
K83065,20
K83066,28
K83068,23
K83069,9
K83070,11
K83076,7
K83077,15
K83079,11
K83080,9
K83081,9
K83601,32
K83607,7
K83610,15
K83614,16
K83616,9
K83618,15
K83620,14
K83621,4
K83622,22
K83625,10
K84001,35
K84002,31
K84003,18
K84004,13
K84006,34
K84007,14
K84008,18
K84009,22
K84010,33
K84011,21
K84012,20
K84013,10
K84014,22
K84015,15
K84016,11
K84017,38
K84019,40
K84020,37
K84021,8
K84023,8
K84024,14
K84025,25
K84026,17
K84027,37
K84028,35
K84030,33
K84031,8
K84032,5
K84033,34
K84034,7
K84035,34
K84036,16
K84037,35
K84038,32
K84040,14
K84041,26
K84042,17
K84043,32
K84044,14
K84045,11
K84046,14
K84047,16
K84048,8
K84049,6
K84050,37
K84051,46
K84052,21
K84054,27
K84055,27
K84056,6
K84058,16
K84059,23
K84060,2
K84062,10
K84063,6
K84065,7
K84071,39
K84072,31
K84073,1
K84075,24
K84078,4
K84079,10
K84080,7
K84082,27
K84605,6
K84610,12
K84613,34
K84617,2
K84618,15
K84624,16
L81004,65
L81007,41
L81008,22
L81009,22
L81010,15
L81012,23
L81013,24
L81014,32
L81015,20
L81016,21
L81017,21
L81018,20
L81019,19
L81020,19
L81021,34
L81022,16
L81023,8
L81024,24
L81025,30
L81026,49
L81027,17
L81028,2
L81029,40
L81030,13
L81031,27
L81033,21
L81034,108
L81036,19
L81037,43
L81038,21
L81039,56
L81040,39
L81041,6
L81042,24
L81043,12
L81044,40
L81045,32
L81046,23
L81047,36
L81049,3
L81050,16
L81051,41
L81052,2
L81053,23
L81054,17
L81055,17
L81058,20
L81059,14
L81061,9
L81062,39
L81063,23
L81064,15
L81065,35
L81066,13
L81067,16
L81068,39
L81069,8
L81070,18
L81071,22
L81072,22
L81073,11
L81075,15
L81077,16
L81078,29
L81079,69
L81081,24
L81082,11
L81083,9
L81084,25
L81085,12
L81086,111
L81087,16
L81089,6
L81090,31
L81091,36
L81094,11
L81095,7
L81098,14
L81101,11
L81102,2
L81103,25
L81106,14
L81112,5
L81117,13
L81118,20
L81119,2
L81120,12
L81122,11
L81123,6
L81124,3
L81125,8
L81127,11
L81130,27
L81131,26
L81132,10
L81600,16
L81617,3
L81622,6
L81632,10
L81637,9
L81642,10
L81643,41
L81644,6
L81648,2
L81649,10
L81655,1
L81669,9
L81670,1
L82001,49
L82003,43
L82004,17
L82006,48
L82007,12
L82008,40
L82009,33
L82010,44
L82011,18
L82012,44
L82013,32
L82014,1
L82015,35
L82016,48
L82017,8
L82018,46
L82021,24
L82022,39
L82023,53
L82024,11
L82025,23
L82026,23
L82028,55
L82029,43
L82030,62
L82035,36
L82036,33
L82038,29
L82039,27
L82041,68
L82042,44
L82043,17
L82044,24
L82045,29
L82046,42
L82047,32
L82048,20
L82049,35
L82050,27
L82051,24
L82052,31
L82054,27
L82056,42
L82057,15
L82058,22
L82059,22
L82061,31
L82066,15
L82068,34
L82070,18
L82611,1
L82617,3
L82618,7
L82620,24
L82622,21
L83002,48
L83003,24
L83004,23
L83005,57
L83006,79
L83007,25
L83008,40
L83010,25
L83011,38
L83012,6
L83013,56
L83014,68
L83015,12
L83016,60
L83018,9
L83019,19
L83020,44
L83021,37
L83022,26
L83023,17
L83024,11
L83025,23
L83026,10
L83027,23
L83028,22
L83029,18
L83030,11
L83031,52
L83032,1
L83034,34
L83035,42
L83036,33
L83038,41
L83039,11
L83040,35
L83041,28
L83042,26
L83043,51
L83044,19
L83045,52
L83046,30
L83048,20
L83049,9
L83050,37
L83051,30
L83052,43
L83053,58
L83054,27
L83055,50
L83056,24
L83057,31
L83058,13
L83059,38
L83061,7
L83064,49
L83065,10
L83066,34
L83067,39
L83068,5
L83069,50
L83070,17
L83071,16
L83072,22
L83073,34
L83074,1
L83075,17
L83076,12
L83077,15
L83078,23
L83079,21
L83081,21
L83082,14
L83083,35
L83084,16
L83085,51
L83086,20
L83087,43
L83088,26
L83089,30
L83092,39
L83094,29
L83095,56
L83096,46
L83097,34
L83098,16
L83099,12
L83100,114
L83101,50
L83102,21
L83103,58
L83105,25
L83106,23
L83107,1
L83111,52
L83112,22
L83113,18
L83115,9
L83116,12
L83117,1
L83118,56
L83120,51
L83125,2
L83127,37
L83128,13
L83129,9
L83130,17
L83131,80
L83134,5
L83136,13
L83137,35
L83139,1
L83143,11
L83146,15
L83147,21
L83148,14
L83149,1
L83607,10
L83616,6
L83624,16
L83627,13
L83628,15
L83639,11
L83642,4
L83644,1
L83646,17
L83648,22
L83651,4
L83655,6
L83657,11
L83663,14
L83666,7
L84001,8
L84003,19
L84004,31
L84005,44
L84006,26
L84007,37
L84008,36
L84009,50
L84010,66
L84011,26
L84012,60
L84014,46
L84015,42
L84016,22
L84017,3
L84018,44
L84020,6
L84021,20
L84022,34
L84023,45
L84024,15
L84025,18
L84026,100
L84027,32
L84028,29
L84029,18
L84030,16
L84031,25
L84032,35
L84033,42
L84034,26
L84036,54
L84037,54
L84038,34
L84039,28
L84040,51
L84041,39
L84043,20
L84044,10
L84045,25
L84046,12
L84047,54
L84048,44
L84049,24
L84050,57
L84051,32
L84052,14
L84053,32
L84054,34
L84055,1
L84056,16
L84058,30
L84059,29
L84060,30
L84063,11
L84065,46
L84067,23
L84068,15
L84069,21
L84070,20
L84071,32
L84072,20
L84073,8
L84075,11
L84077,21
L84078,20
L84080,10
L84081,10
L84084,24
L84085,19
L84606,50
L84613,15
L84615,16
L84616,15
L84617,15
L85001,27
L85002,33
L85003,12
L85004,20
L85005,5
L85006,22
L85007,21
L85008,59
L85009,20
L85010,38
L85011,21
L85012,39
L85013,8
L85014,22
L85015,18
L85016,51
L85017,10
L85018,13
L85019,30
L85020,30
L85021,35
L85022,15
L85023,30
L85024,22
L85025,21
L85026,14
L85027,15
L85028,15
L85029,20
L85030,18
L85031,23
L85032,5
L85033,34
L85034,28
L85035,40
L85036,19
L85037,12
L85038,16
L85039,22
L85040,11
L85041,7
L85042,29
L85043,19
L85044,17
L85046,20
L85047,7
L85048,4
L85050,13
L85051,12
L85052,18
L85053,14
L85054,21
L85055,29
L85056,8
L85061,7
L85062,9
L85064,2
L85065,37
L85066,11
L85601,8
L85607,5
L85609,10
L85611,9
L85612,6
L85618,1
L85619,16
L85624,5
M81001,29
M81002,30
M81003,23
M81004,26
M81005,23
M81006,40
M81007,25
M81008,35
M81009,24
M81010,30
M81011,12
M81012,52
M81013,5
M81014,3
M81015,25
M81016,60
M81017,17
M81018,27
M81019,36
M81020,21
M81021,25
M81022,38
M81023,1
M81024,20
M81025,16
M81026,113
M81027,15
M81029,40
M81032,47
M81033,12
M81034,29
M81035,31
M81037,19
M81038,24
M81039,26
M81040,57
M81041,15
M81042,37
M81043,40
M81044,36
M81045,10
M81046,34
M81047,31
M81048,38
M81049,38
M81054,30
M81055,13
M81056,32
M81057,56
M81058,28
M81061,39
M81062,3
M81063,21
M81064,25
M81066,29
M81067,20
M81068,44
M81069,28
M81070,34
M81072,21
M81073,12
M81074,37
M81075,32
M81076,14
M81077,18
M81078,28
M81080,1
M81081,12
M81082,25
M81083,8
M81084,17
M81087,3
M81089,7
M81090,13
M81091,26
M81092,11
M81093,21
M81094,16
M81600,11
M81604,24
M81605,9
M81608,7
M81616,8
M81617,8
M81621,12
M81627,11
M81629,22
M82002,20
M82003,22
M82004,35
M82005,13
M82006,16
M82007,28
M82008,29
M82009,16
M82010,36
M82011,10
M82012,24
M82013,3
M82014,28
M82016,26
M82017,16
M82018,23
M82019,22
M82020,9
M82021,18
M82022,19
M82023,24
M82024,11
M82025,35
M82026,25
M82027,4
M82028,37
M82030,23
M82031,6
M82032,20
M82033,18
M82034,13
M82035,22
M82038,23
M82039,24
M82040,15
M82041,25
M82042,7
M82043,20
M82044,10
M82045,2
M82046,3
M82047,20
M82048,7
M82051,11
M82056,28
M82057,2
M82058,4
M82059,32
M82060,13
M82601,8
M82604,4
M82606,12
M82616,10
M82620,17
M83001,15
M83004,25
M83005,11
M83006,64
M83007,8
M83009,26
M83010,15
M83011,19
M83012,10
M83013,13
M83014,1
M83015,19
M83016,19
M83017,9
M83018,12
M83020,22
M83021,8
M83022,17
M83023,13
M83024,13
M83025,10
M83026,23
M83027,24
M83028,9
M83030,28
M83031,11
M83032,14
M83033,4
M83034,16
M83035,22
M83036,13
M83037,20
M83038,15
M83041,8
M83042,29
M83044,15
M83045,26
M83046,22
M83047,11
M83048,18
M83049,24
M83050,12
M83051,15
M83052,34
M83054,26
M83056,20
M83057,16
M83059,11
M83061,14
M83062,32
M83063,3
M83065,20
M83066,6
M83067,8
M83068,19
M83069,30
M83070,20
M83071,21
M83072,33
M83073,19
M83074,40
M83075,14
M83076,12
M83079,13
M83080,1
M83082,17
M83084,11
M83088,28
M83089,12
M83090,13
M83092,18
M83093,10
M83094,24
M83096,10
M83097,11
M83100,9
M83102,5
M83103,11
M83107,6
M83108,17
M83109,7
M83110,22
M83111,2
M83113,3
M83115,2
M83117,10
M83121,17
M83122,8
M83123,7
M83125,10
M83126,13
M83127,8
M83128,3
M83129,18
M83130,7
M83132,15
M83138,11
M83139,8
M83140,10
M83141,20
M83143,5
M83146,12
M83148,16
M83601,17
M83608,8
M83616,8
M83617,40
M83619,1
M83623,5
M83624,3
M83625,10
M83627,5
M83632,15
M83637,5
M83638,19
M83640,6
M83641,6
M83650,8
M83661,7
M83665,2
M83668,11
M83670,4
M83680,11
M83681,6
M83682,7
M83691,5
M83693,9
M83697,4
M83698,6
M83700,2
M83701,3
M83703,12
M83705,5
M83706,5
M83709,9
M83711,8
M83712,3
M83713,6
M83715,9
M83717,4
M83718,4
M83719,3
M83722,5
M83723,9
M83725,2
M83727,3
M83738,9
M84001,48
M84002,28
M84003,22
M84004,42
M84005,11
M84006,16
M84007,30
M84008,26
M84009,15
M84010,15
M84011,34
M84012,30
M84013,47
M84014,21
M84015,24
M84016,13
M84017,39
M84018,39
M84019,37
M84020,29
M84021,30
M84022,20
M84023,48
M84024,20
M84025,36
M84026,25
M84028,38
M84029,20
M84030,37
M84031,17
M84032,20
M84034,7
M84035,14
M84036,45
M84037,30
M84040,23
M84041,14
M84042,29
M84043,58
M84044,17
M84046,27
M84047,14
M84049,16
M84050,11
M84051,18
M84055,6
M84057,1
M84059,5
M84060,21
M84061,8
M84062,5
M84063,18
M84064,18
M84065,7
M84066,12
M84067,13
M84069,16
M84070,16
M84609,4
M84612,5
M84615,9
M84616,9
M84617,1
M84618,7
M84620,6
M84621,4
M84624,1
M84627,15
M84629,14
M85001,6
M85002,22
M85005,5
M85006,14
M85007,9
M85008,5
M85009,20
M85011,8
M85013,5
M85014,4
M85016,12
M85018,27
M85019,26
M85020,11
M85021,2
M85023,13
M85024,2
M85025,16
M85026,37
M85027,17
M85028,33
M85029,17
M85030,29
M85031,17
M85033,44
M85034,9
M85035,3
M85037,13
M85038,1
M85041,6
M85042,6
M85043,12
M85046,111
M85047,11
M85048,19
M85051,4
M85052,2
M85053,10
M85055,14
M85056,20
M85058,22
M85060,20
M85061,9
M85062,6
M85063,103
M85064,2
M85065,20
M85066,7
M85068,1
M85069,22
M85070,15
M85071,19
M85074,14
M85076,12
M85077,23
M85078,17
M85079,18
M85081,10
M85083,1
M85084,10
M85086,16
M85087,14
M85088,18
M85092,5
M85097,5
M85098,5
M85105,2
M85107,2
M85108,13
M85110,4
M85113,9
M85115,5
M85116,7
M85117,5
M85118,11
M85123,6
M85124,8
M85127,1
M85128,5
M85134,11
M85136,20
M85139,5
M85141,6
M85142,5
M85143,12
M85145,12
M85146,2
M85149,1
M85153,1
M85155,7
M85156,16
M85158,5
M85159,9
M85164,8
M85167,9
M85170,2
M85171,1
M85172,14
M85174,2
M85175,23
M85176,11
M85177,10
M85178,11
M85179,11
M85600,19
M85624,7
M85634,7
M85642,5
M85663,2
M85669,1
M85670,1
M85671,7
M85676,5
M85677,1
M85679,7
M85684,4
M85686,3
M85689,5
M85693,5
M85694,7
M85697,7
M85699,3
M85701,4
M85706,12
M85711,2
M85713,1
M85715,5
M85716,1
M85717,9
M85721,4
M85722,1
M85730,1
M85732,3
M85733,7
M85735,4
M85736,4
M85739,5
M85746,8
M85749,3
M85753,2
M85756,1
M85757,3
M85759,4
M85766,1
M85770,6
M85774,2
M85778,2
M85779,6
M85781,1
M85782,1
M85783,2
M85792,5
M85794,3
M85797,5
M85801,1
M85803,1
M86001,6
M86002,14
M86003,27
M86004,15
M86005,7
M86006,18
M86007,24
M86008,15
M86009,17
M86010,14
M86012,9
M86013,4
M86014,37
M86015,23
M86016,20
M86017,16
M86018,12
M86019,14
M86020,16
M86021,9
M86023,8
M86027,20
M86028,5
M86029,18
M86030,20
M86032,13
M86033,6
M86034,24
M86035,13
M86037,10
M86038,11
M86039,7
M86040,10
M86041,12
M86044,8
M86045,6
M86046,8
M86048,5
M86605,7
M86610,4
M86612,3
M86613,3
M86617,4
M86622,9
M86624,8
M86627,5
M86633,3
M86638,8
M87001,17
M87003,53
M87005,35
M87006,9
M87007,22
M87008,20
M87009,29
M87010,12
M87011,75
M87012,8
M87013,13
M87014,13
M87015,22
M87016,18
M87017,6
M87018,14
M87019,9
M87020,14
M87021,13
M87023,21
M87024,41
M87025,13
M87026,15
M87027,7
M87028,12
M87030,12
M87034,10
M87036,5
M87037,18
M87041,9
M87601,4
M87602,22
M87605,8
M87612,2
M87617,3
M87618,10
M87620,11
M87621,3
M87623,2
M87628,1
M87638,6
M88001,16
M88002,9
M88003,15
M88004,60
M88006,10
M88007,19
M88008,11
M88009,13
M88010,15
M88013,21
M88014,6
M88015,17
M88016,2
M88018,28
M88019,8
M88020,25
M88021,18
M88022,5
M88023,9
M88024,5
M88026,4
M88030,14
M88031,4
M88035,4
M88036,2
M88038,17
M88040,9
M88041,1
M88042,6
M88043,11
M88044,4
M88600,9
M88610,2
M88612,6
M88616,19
M88618,4
M88619,14
M88620,3
M88623,4
M88625,4
M88627,4
M88628,2
M88629,2
M88630,6
M88633,5
M88635,3
M88637,1
M88639,2
M88640,2
M88643,5
M88645,15
M88646,3
M89001,9
M89002,7
M89003,82
M89004,10
M89005,11
M89007,8
M89008,14
M89009,26
M89010,26
M89012,20
M89013,10
M89015,28
M89016,33
M89017,103
M89019,19
M89021,9
M89024,8
M89026,17
M89027,9
M89028,10
M89030,9
M89601,6
M89602,4
M89608,8
M91003,9
M91004,15
M91006,5
M91007,22
M91008,16
M91009,9
M91010,24
M91011,22
M91013,11
M91014,6
M91015,12
M91016,17
M91017,24
M91018,6
M91019,20
M91020,14
M91021,7
M91024,5
M91026,2
M91028,11
M91029,10
M91032,4
M91033,12
M91034,7
M91036,7
M91602,1
M91609,4
M91611,5
M91612,5
M91613,5
M91614,11
M91616,7
M91619,6
M91621,4
M91623,3
M91624,1
M91626,7
M91628,2
M91629,2
M91637,11
M91639,2
M91640,4
M91641,3
M91642,2
M91647,6
M91650,12
M91654,7
M91655,1
M91660,12
M92001,1
M92002,18
M92004,6
M92006,16
M92007,9
M92008,29
M92009,21
M92010,28
M92011,22
M92012,13
M92013,8
M92014,2
M92015,1
M92016,11
M92019,8
M92022,4
M92024,7
M92026,5
M92028,9
M92029,7
M92039,9
M92040,17
M92041,5
M92042,7
M92043,11
M92044,10
M92607,11
M92609,9
M92612,38
M92627,7
M92629,5
M92630,5
M92640,5
M92647,1
M92654,8
N81001,12
N81002,19
N81005,20
N81006,15
N81007,25
N81008,22
N81009,12
N81010,14
N81011,53
N81012,19
N81013,8
N81014,17
N81016,31
N81018,18
N81019,24
N81020,42
N81021,5
N81022,58
N81023,1
N81024,12
N81025,24
N81026,15
N81027,27
N81028,14
N81029,20
N81030,40
N81031,18
N81032,45
N81033,14
N81034,22
N81035,39
N81036,14
N81037,23
N81038,21
N81039,17
N81040,5
N81041,14
N81042,15
N81043,17
N81044,16
N81045,41
N81046,14
N81047,39
N81048,19
N81049,19
N81050,28
N81051,11
N81052,18
N81053,22
N81054,12
N81055,15
N81056,17
N81057,20
N81059,23
N81060,21
N81061,14
N81062,35
N81063,15
N81064,15
N81065,8
N81066,26
N81067,23
N81068,18
N81069,7
N81070,15
N81071,18
N81072,14
N81073,15
N81074,8
N81075,34
N81077,34
N81079,6
N81080,17
N81081,14
N81082,27
N81083,6
N81084,40
N81085,19
N81086,20
N81087,41
N81088,13
N81089,16
N81090,15
N81091,2
N81092,24
N81093,21
N81094,2
N81095,3
N81096,12
N81097,7
N81100,14
N81101,12
N81102,3
N81107,8
N81108,16
N81109,7
N81111,12
N81112,3
N81113,17
N81114,20
N81115,7
N81117,7
N81118,22
N81119,11
N81120,5
N81121,15
N81122,21
N81123,5
N81125,16
N81127,14
N81607,3
N81614,7
N81619,2
N81623,19
N81624,8
N81626,2
N81628,16
N81632,2
N81637,4
N81642,10
N81645,3
N81651,8
N82001,13
N82002,8
N82003,6
N82004,2
N82009,20
N82011,20
N82014,12
N82018,19
N82019,11
N82022,12
N82024,35
N82026,15
N82033,8
N82034,12
N82035,20
N82036,9
N82037,21
N82039,13
N82041,25
N82046,7
N82048,11
N82049,7
N82050,7
N82052,7
N82053,27
N82054,7
N82058,8
N82059,10
N82062,24
N82065,4
N82066,28
N82067,3
N82070,7
N82073,12
N82074,11
N82076,15
N82077,2
N82078,4
N82079,13
N82081,6
N82082,7
N82083,8
N82084,20
N82086,7
N82087,2
N82089,2
N82090,17
N82091,4
N82092,18
N82093,4
N82094,18
N82095,7
N82097,11
N82099,8
N82101,9
N82103,9
N82104,11
N82106,12
N82107,8
N82108,21
N82109,5
N82110,5
N82113,2
N82115,11
N82116,13
N82117,11
N82617,5
N82621,1
N82633,7
N82641,11
N82645,2
N82646,13
N82648,6
N82650,5
N82651,9
N82655,3
N82662,6
N82663,5
N82664,7
N82665,2
N82668,6
N82669,3
N82670,1
N82671,7
N82676,10
N82678,5
N83001,43
N83002,28
N83003,29
N83005,32
N83006,13
N83007,9
N83008,16
N83009,21
N83010,30
N83012,41
N83013,10
N83014,29
N83015,13
N83017,14
N83018,23
N83019,36
N83020,37
N83021,19
N83022,10
N83023,25
N83024,20
N83025,18
N83026,10
N83027,20
N83028,62
N83030,4
N83031,5
N83032,21
N83033,12
N83035,24
N83041,23
N83043,10
N83045,6
N83047,17
N83049,25
N83050,11
N83053,12
N83054,16
N83055,4
N83056,1
N83060,7
N83601,8
N83603,17
N83604,9
N83605,13
N83608,10
N83609,10
N83610,3
N83614,17
N83619,6
N83620,6
N83621,8
N83622,1
N83624,5
N83628,4
N83633,8
N83635,15
N83637,14
N84001,16
N84002,2
N84003,28
N84004,12
N84005,17
N84006,35
N84007,10
N84008,28
N84010,8
N84011,5
N84012,36
N84013,16
N84014,15
N84015,7
N84016,8
N84017,47
N84018,47
N84019,7
N84020,24
N84021,39
N84023,11
N84024,31
N84025,30
N84026,9
N84027,7
N84028,6
N84029,9
N84034,9
N84035,9
N84037,3
N84038,5
N84041,8
N84043,3
N84605,2
N84611,10
N84613,23
N84614,9
N84615,4
N84617,7
N84618,13
N84621,3
N84625,9
N84626,2
N84627,8
N84630,3
N85001,1
N85002,46
N85003,11
N85005,37
N85006,31
N85007,69
N85008,36
N85009,14
N85012,25
N85013,25
N85014,11
N85015,16
N85016,11
N85017,8
N85018,15
N85019,9
N85020,26
N85021,3
N85022,5
N85023,11
N85024,13
N85025,13
N85027,11
N85028,13
N85031,6
N85032,28
N85034,8
N85037,4
N85038,5
N85040,10
N85044,23
N85046,5
N85047,18
N85048,13
N85051,23
N85052,8
N85053,6
N85054,12
N85057,3
N85059,18
N85616,9
N85617,17
N85620,13
N85625,22
N85629,7
N85633,10
N85640,2
N85643,9
N85648,8
O0H1S,1
P81002,79
P81003,38
P81004,4
P81005,19
P81006,70
P81008,11
P81010,15
P81013,33
P81014,26
P81015,46
P81016,20
P81017,40
P81018,39
P81020,55
P81022,28
P81025,40
P81027,36
P81029,81
P81031,14
P81032,21
P81033,19
P81035,8
P81036,46
P81037,37
P81038,22
P81039,7
P81040,41
P81041,39
P81042,24
P81043,11
P81044,42
P81045,20
P81046,15
P81047,42
P81051,24
P81053,19
P81054,25
P81055,39
P81057,26
P81058,17
P81059,26
P81061,8
P81062,19
P81063,27
P81065,64
P81066,12
P81067,23
P81069,35
P81070,23
P81071,14
P81072,35
P81073,41
P81074,27
P81076,33
P81077,55
P81078,54
P81079,32
P81081,12
P81082,30
P81083,23
P81084,20
P81086,21
P81087,45
P81088,8
P81089,27
P81092,31
P81095,18
P81096,22
P81099,20
P81100,38
P81103,23
P81107,22
P81112,37
P81113,12
P81115,28
P81117,14
P81118,11
P81119,17
P81123,19
P81125,29
P81127,9
P81128,27
P81129,30
P81130,39
P81132,23
P81133,25
P81134,8
P81136,10
P81137,17
P81138,5
P81140,41
P81143,32
P81146,6
P81147,8
P81149,22
P81150,26
P81152,3
P81154,17
P81155,7
P81157,39
P81159,26
P81160,25
P81165,4
P81166,9
P81167,8
P81169,15
P81170,7
P81171,11
P81172,12
P81173,10
P81177,3
P81179,17
P81180,5
P81181,18
P81182,8
P81184,23
P81185,30
P81186,10
P81190,1
P81191,25
P81196,50
P81197,13
P81201,15
P81204,5
P81208,30
P81210,1
P81212,18
P81213,27
P81214,9
P81218,20
P81620,8
P81622,8
P81633,8
P81642,5
P81646,13
P81647,2
P81655,36
P81659,1
P81664,20
P81667,1
P81668,8
P81674,25
P81681,34
P81683,10
P81685,4
P81686,6
P81687,12
P81689,2
P81692,7
P81694,4
P81695,19
P81699,6
P81701,11
P81704,21
P81705,1
P81707,3
P81709,7
P81710,40
P81711,9
P81713,4
P81714,7
P81721,4
P81724,2
P81726,3
P81727,1
P81730,15
P81731,3
P81732,19
P81734,24
P81735,4
P81736,9
P81737,5
P81738,1
P81740,26
P81741,6
P81742,8
P81748,8
P81750,1
P81755,23
P81757,7
P81758,2
P81770,8
P81771,16
P81778,3
P81780,2
P82001,21
P82002,16
P82003,23
P82004,16
P82005,13
P82006,10
P82007,27
P82008,20
P82009,9
P82010,10
P82011,18
P82012,9
P82013,4
P82014,29
P82015,39
P82016,36
P82018,6
P82020,6
P82021,7
P82022,13
P82023,28
P82025,5
P82029,4
P82030,6
P82031,26
P82033,2
P82034,3
P82036,5
P82037,3
P82607,11
P82609,11
P82613,6
P82616,3
P82624,5
P82625,2
P82626,6
P82627,13
P82629,5
P82633,4
P82634,9
P82643,6
P82652,10
P82660,5
P83001,19
P83004,13
P83005,9
P83006,9
P83007,9
P83008,3
P83009,16
P83010,8
P83011,10
P83012,54
P83015,14
P83017,8
P83020,13
P83021,8
P83023,1
P83024,2
P83025,8
P83030,1
P83603,15
P83605,7
P83608,10
P83609,7
P83611,1
P83612,8
P83620,6
P83621,2
P83623,3
P84004,11
P84009,4
P84010,13
P84012,17
P84014,3
P84016,7
P84017,2
P84018,2
P84019,7
P84020,11
P84021,8
P84022,10
P84023,4
P84024,14
P84025,6
P84026,2
P84027,8
P84028,5
P84029,7
P84030,2
P84032,6
P84033,4
P84034,19
P84035,8
P84037,5
P84038,6
P84039,9
P84040,7
P84041,7
P84042,10
P84043,2
P84045,6
P84046,7
P84047,8
P84048,12
P84049,13
P84050,6
P84051,3
P84052,6
P84053,4
P84054,5
P84055,3
P84056,3
P84059,10
P84061,11
P84064,4
P84065,5
P84066,2
P84067,13
P84068,18
P84070,11
P84071,11
P84072,2
P84074,6
P84611,3
P84630,6
P84635,5
P84637,2
P84640,2
P84644,1
P84645,10
P84650,3
P84651,3
P84663,5
P84665,1
P84669,4
P84672,5
P84673,4
P84676,1
P84678,20
P84679,1
P84682,1
P84683,1
P84684,4
P84689,2
P84690,2
P85001,4
P85002,8
P85003,1
P85004,5
P85005,13
P85006,3
P85007,6
P85008,19
P85010,15
P85011,15
P85012,5
P85013,32
P85014,3
P85015,6
P85016,29
P85017,11
P85018,4
P85019,10
P85020,4
P85021,4
P85022,2
P85026,10
P85028,3
P85601,1
P85602,1
P85605,6
P85606,1
P85607,3
P85608,2
P85610,3
P85612,1
P85613,2
P85614,5
P85615,4
P85620,4
P85621,2
P85622,2
P86001,7
P86002,2
P86003,23
P86004,12
P86005,7
P86006,12
P86007,17
P86008,10
P86009,14
P86010,11
P86011,17
P86012,9
P86013,7
P86014,1
P86015,3
P86016,8
P86017,1
P86018,16
P86019,12
P86021,6
P86022,12
P86023,11
P86026,10
P86602,4
P86606,7
P86608,8
P86609,1
P86614,3
P86619,6
P86620,1
P86624,4
P87002,22
P87003,2
P87004,9
P87008,12
P87014,5
P87015,8
P87016,26
P87017,8
P87019,14
P87020,12
P87022,4
P87024,11
P87025,10
P87026,10
P87027,14
P87028,8
P87032,7
P87035,9
P87039,3
P87040,14
P87610,8
P87613,2
P87618,6
P87620,17
P87624,10
P87625,4
P87627,6
P87634,4
P87648,5
P87649,8
P87651,5
P87654,9
P87657,2
P87659,4
P87660,1
P87661,1
P88002,14
P88003,17
P88005,25
P88006,13
P88007,41
P88008,11
P88009,5
P88011,16
P88012,18
P88013,19
P88014,12
P88015,31
P88016,26
P88017,15
P88018,12
P88019,13
P88020,19
P88021,15
P88023,15
P88024,15
P88025,26
P88026,53
P88031,5
P88034,6
P88041,21
P88042,15
P88043,13
P88044,12
P88600,4
P88606,19
P88607,4
P88610,4
P88617,2
P88623,13
P88624,2
P88625,13
P88632,15
P89002,25
P89003,20
P89004,19
P89005,11
P89006,12
P89007,13
P89008,19
P89010,21
P89011,3
P89012,14
P89013,4
P89014,16
P89015,41
P89016,18
P89017,1
P89018,13
P89020,5
P89021,15
P89022,9
P89023,15
P89025,5
P89026,12
P89029,7
P89030,9
P89033,1
P89602,13
P89609,6
P89612,1
P89613,3
P89618,5
P91003,12
P91004,9
P91006,17
P91007,9
P91008,12
P91009,23
P91011,13
P91012,10
P91013,17
P91014,19
P91016,11
P91017,13
P91018,14
P91019,2
P91020,4
P91021,25
P91026,5
P91029,6
P91032,2
P91035,15
P91603,10
P91604,26
P91615,1
P91617,1
P91619,2
P91623,10
P91625,3
P91627,3
P91629,9
P91631,6
P91633,4
P92001,15
P92002,9
P92003,7
P92004,12
P92005,6
P92006,8
P92007,6
P92008,19
P92010,18
P92011,11
P92012,7
P92014,22
P92015,8
P92016,39
P92017,27
P92019,12
P92020,12
P92021,21
P92023,18
P92024,8
P92026,11
P92028,11
P92029,2
P92030,3
P92031,6
P92033,10
P92034,7
P92038,6
P92041,10
P92042,20
P92602,3
P92605,8
P92607,11
P92615,10
P92616,2
P92620,3
P92621,7
P92626,5
P92630,2
P92633,3
P92634,9
P92635,5
P92637,4
P92639,6
P92642,9
P92646,6
P92647,10
P92648,3
P92651,12
P92652,2
P92653,2
S16047,1
S18432,2
S21736,1
S80857,1
S99976,1
T5U8N,1
V81997,27
V81998,79
V81999,972
V99998,1
W00065,1
W00076,9
W91002,6
W91003,5
W91004,9
W91005,2
W91006,5
W91007,4
W91009,6
W91010,4
W91013,9
W91014,3
W91015,12
W91016,6
W91017,8
W91018,5
W91019,8
W91020,3
W91021,21
W91022,8
W91023,2
W91024,2
W91025,10
W91026,1
W91028,2
W91029,2
W91031,3
W91033,4
W91034,1
W91036,14
W91038,4
W91039,3
W91040,6
W91042,3
W91043,3
W91044,2
W91046,1
W91047,2
W91048,2
W91051,6
W91054,2
W91055,4
W91056,1
W91057,3
W91058,8
W91059,2
W91060,3
W91604,4
W91610,4
W91615,1
W91622,1
W91624,3
W91629,1
W92005,1
W92009,2
W92016,1
W92018,1
W92019,1
W92022,1
W92031,1
W92036,1
W92038,1
W92039,2
W92046,1
W92050,1
W92055,1
W92061,1
W92063,1
W92064,1
W93004,2
W93019,6
W93020,3
W93021,1
W93022,8
W93023,1
W93024,1
W93036,4
W93037,2
W93043,1
W93049,1
W93051,1
W93072,1
W93126,1
W93643,1
W94001,6
W94002,5
W94003,5
W94004,1
W94005,5
W94006,3
W94007,2
W94008,3
W94009,4
W94010,4
W94011,5
W94014,2
W94015,9
W94016,2
W94017,8
W94018,2
W94019,12
W94020,2
W94021,7
W94023,8
W94024,4
W94025,4
W94026,7
W94027,8
W94028,2
W94029,5
W94030,11
W94031,3
W94032,10
W94033,3
W94034,2
W94035,1
W94036,5
W94037,3
W94038,7
W94039,14
W94046,1
W94609,5
W94612,1
W94622,1
W94633,2
W95009,3
W95010,3
W95011,1
W95014,1
W95017,1
W95018,1
W95025,1
W95031,1
W95035,1
W95038,2
W95041,3
W95046,1
W95059,1
W95062,1
W95063,2
W95064,1
W95068,1
W95079,1
W95295,1
W96001,19
W96003,21
W96004,15
W96005,11
W96006,10
W96007,38
W96009,9
W96010,25
W96011,5
W96012,21
W96013,43
W96015,28
W96016,8
W96017,24
W96438,16
W97001,1
W97013,1
W97021,1
W97024,1
W97033,1
W97038,1
W97040,1
W97052,1
W97060,1
W97294,1
W98010,3
W98016,1
W98022,1
W98023,1
W98027,1
W98030,1
W98033,2
X1J1M,1
Y00001,3
Y00002,10
Y00003,11
Y00004,4
Y00005,4
Y00006,5
Y00007,13
Y00008,2
Y00009,2
Y00010,5
Y00011,6
Y00020,10
Y00026,5
Y00028,1
Y00033,9
Y00050,3
Y00056,2
Y00057,14
Y00058,13
Y00078,3
Y00080,38
Y00090,6
Y00100,1
Y00110,2
Y00137,1
Y00140,6
Y00155,6
Y00159,34
Y00184,4
Y00185,24
Y00198,7
Y00200,7
Y00206,13
Y00212,1
Y00228,1
Y00252,8
Y00260,6
Y00265,6
Y00268,2
Y00286,8
Y00293,35
Y00297,16
Y00312,6
Y00316,10
Y00328,5
Y00347,15
Y00351,30
Y00352,8
Y00399,7
Y00403,4
Y00411,15
Y00412,4
Y00437,13
Y00445,10
Y00446,13
Y00449,19
Y00454,3
Y00469,15
Y00471,3
Y00475,8
Y00486,10
Y00492,3
Y00507,5
Y00522,8
Y00542,27
Y00560,23
Y00561,6
Y00568,1
Y00589,17
Y00592,2
Y00612,12
Y00726,3
Y00758,4
Y00774,7
Y00814,1
Y00902,8
Y00912,3
Y00918,14
Y00969,29
Y00984,3
Y00999,11
Y01008,134
Y01011,11
Y01050,20
Y01051,36
Y01057,1
Y01066,5
Y01068,2
Y01090,5
Y01108,5
Y01118,5
Y01124,2
Y01127,24
Y01132,29
Y01139,7
Y01163,10
Y01165,3
Y01206,20
Y01221,3
Y01280,2
Y01281,20
Y01291,24
Y01652,29
Y01655,9
Y01690,5
Y01695,5
Y01719,8
Y01756,17
Y01794,34
Y01795,14
Y01812,19
Y01839,3
Y01922,40
Y01929,72
Y01948,3
Y01962,2
Y01964,18
Y01968,1
Y02002,5
Y02117,36
Y02128,1
Y02129,3
Y02162,1
Y02177,9
Y02212,3
Y02222,10
Y02260,6
Y02264,1
Y02274,6
Y02319,5
Y02321,5
Y02322,9
Y02325,1
Y02332,9
Y02342,3
Y02344,10
Y02352,1
Y02354,15
Y02378,6
Y02414,7
Y02423,47
Y02442,4
Y02462,1
Y02463,6
Y02466,14
Y02469,2
Y02471,1
Y02476,6
Y02494,3
Y02495,3
Y02506,16
Y02510,10
Y02517,43
Y02519,2
Y02520,6
Y02521,11
Y02564,1
Y02567,3
Y02570,3
Y02571,6
Y02572,5
Y02575,12
Y02578,4
Y02585,3
Y02586,2
Y02589,7
Y02594,6
Y02605,5
Y02606,5
Y02610,1
Y02611,22
Y02622,3
Y02625,2
Y02626,4
Y02627,9
Y02633,14
Y02636,2
Y02639,6
Y02646,11
Y02653,7
Y02656,16
Y02657,7
Y02658,4
Y02661,2
Y02663,2
Y02669,4
Y02671,11
Y02672,7
Y02674,1
Y02676,2
Y02684,4
Y02686,6
Y02692,4
Y02701,7
Y02704,2
Y02707,11
Y02710,1
Y02713,1
Y02718,1
Y02720,1
Y02721,3
Y02735,3
Y02736,2
Y02747,19
Y02751,10
Y02753,2
Y02755,3
Y02757,6
Y02767,4
Y02769,6
Y02787,5
Y02790,2
Y02794,4
Y02795,6
Y02807,7
Y02811,16
Y02816,1
Y02821,2
Y02826,4
Y02827,3
Y02842,4
Y02847,6
Y02849,1
Y02867,4
Y02886,7
Y02890,1
Y02893,22
Y02900,11
Y02906,9
Y02928,14
Y02933,4
Y02936,2
Y02946,4
Y02960,3
Y02962,1
Y02968,2
Y02973,10
Y02974,11
Y02986,1
Y02987,15
Y03023,4
Y03035,55
Y03049,15
Y03051,3
Y03052,37
Y03063,12
Y03079,28
Y03103,1
Y03112,6
Y03118,1
Y03124,8
Y03135,16
Y03143,1
Y03153,3
Y03169,1
Y03221,3
Y03222,20
Y03285,1
Y03296,5
Y03318,2
Y03323,1
Y03336,1
Y03337,1
Y03366,3
Y03402,30
Y03438,2
Y03441,6
Y03468,1
Y03490,1
Y03556,2
Y03587,4
Y03595,8
Y03597,5
Y03602,16
Y03640,1
Y03656,17
Y03661,7
Y03663,11
Y03664,7
Y03671,6
Y03755,20
Y03898,1
Y04086,1
Y04225,2
Y04266,13
Y04273,3
Y04333,4
Y04600,1
Y04662,1
Y04664,12
Y04724,1
Y04786,1
Y04809,2
Y04818,1
Y04875,2
Y04882,11
Y04883,3
Y04884,9
Y04925,13
Y04926,1
Y04947,1
Y04949,1
Y04951,1
Y04952,4
Y04957,109
Y04965,4
Y04969,3
Y04977,8
Y04995,33
Y05023,6
Y05080,5
Y05081,2
Y05167,9
Y05212,4
Y05248,4
Y05286,18
Y05291,11
Y05317,24
Y05318,11
Y05330,6
Y05346,3
Y05349,1
Y05363,1
Y05364,3
Y05369,14
Y05496,2
Y05512,1
Y05518,1
Y05521,1
Y05537,1
Y05548,1
Y05622,3
Y05690,12
Y05733,11
Y05823,1
Y05907,1
Y06007,10
Y06031,1
Y06113,1
Y06218,7
Y06275,8
Y06307,5
Y06345,1
Y06356,6
Y06378,3
Y06443,16
Y06487,1
Y06507,4
Y06659,5
Y06792,2
Y06810,2
Y07014,8
Y07025,7
Y07057,4
Y07059,12
Y07060,4
Y07082,1
Y07274,1
Y07275,1
